order_id,order_date,user_id,partner_id,ordered_product_skus,currency,basket_total,profit,referrer
1,2022-01-05 03:51:25,2,5,"[14, 36, 28]",USD,555,44.4,ppc
2,2022-01-06 13:50:42,28,3,"[33, 14]",USD,470,28.2,ppc
3,2022-01-06 20:25:33,28,4,[26],USD,150,33.0,organic
4,2022-01-13 05:05:41,42,5,"[15, 19]",USD,83,6.640000000000001,facebook
5,2022-01-14 15:57:57,32,5,[20],USD,17,1.36,instagram
6,2022-01-14 17:27:15,25,4,[18],USD,3,0.66,organic
7,2022-01-14 23:43:53,37,3,[25],USD,79,4.74,direct
8,2022-01-15 00:22:04,36,3,[21],USD,54,3.2399999999999998,instagram
9,2022-01-15 16:25:58,25,4,"[31, 26, 14]",USD,625,137.5,instagram
10,2022-01-16 21:24:50,97,4,"[32, 40, 1, 7]",USD,459,100.98,facebook
11,2022-01-16 22:27:25,99,6,"[31, 33]",USD,45,6.300000000000001,instagram
12,2022-01-17 02:38:47,69,4,"[31, 32, 32, 8]",USD,280,61.6,instagram
13,2022-01-17 10:35:52,54,5,"[25, 8]",USD,104,8.32,instagram
14,2022-01-17 16:13:21,111,3,"[38, 7]",USD,120,7.199999999999999,facebook
15,2022-01-17 16:43:41,24,4,[9],USD,60,13.2,instagram
16,2022-01-18 06:18:01,55,3,"[22, 26, 16]",USD,345,20.7,facebook
17,2022-01-18 12:45:35,40,4,[13],USD,4,0.88,instagram
18,2022-01-18 18:08:36,82,6,"[35, 33, 1, 35]",USD,285,39.900000000000006,ppc
19,2022-01-18 18:30:04,108,3,"[35, 40, 27, 9]",USD,169,10.139999999999999,instagram
20,2022-01-18 18:45:19,20,4,[36],USD,30,6.6,facebook
21,2022-01-18 20:06:53,55,3,[37],USD,30,1.7999999999999998,instagram
22,2022-01-19 05:06:10,94,4,[16],USD,120,26.4,organic
23,2022-01-19 08:55:26,101,4,"[17, 23, 4, 36]",USD,148,32.56,ppc
24,2022-01-19 11:24:54,106,4,[15],USD,80,17.6,twitter
25,2022-01-19 19:44:54,40,4,[39],USD,15,3.3,ppc
26,2022-01-20 03:27:18,2,6,"[22, 1, 40]",USD,324,45.36000000000001,ppc
27,2022-01-20 04:06:58,53,4,"[32, 33]",USD,135,29.7,organic
28,2022-01-20 06:29:00,93,4,"[14, 20]",USD,467,102.74,facebook
29,2022-01-21 03:10:32,34,3,"[18, 34]",USD,23,1.38,ppc
30,2022-01-21 06:46:18,70,4,[23],USD,85,18.7,ppc
31,2022-01-21 08:19:19,113,3,"[5, 12]",USD,54,3.2399999999999998,organic
32,2022-01-21 15:52:05,26,5,"[36, 17]",USD,33,2.64,organic
33,2022-01-21 16:06:12,117,4,"[38, 26, 37, 22]",USD,280,61.6,facebook
34,2022-01-21 17:13:33,70,2,"[14, 10, 8]",USD,515,72.10000000000001,instagram
35,2022-01-21 20:30:30,42,5,"[38, 26]",USD,175,14.0,twitter
36,2022-01-21 21:17:32,75,5,"[21, 40]",USD,78,6.24,facebook
37,2022-01-22 04:46:11,11,4,"[17, 25, 5]",USD,132,29.04,direct
38,2022-01-22 11:26:07,97,5,[34],USD,20,1.6,ppc
39,2022-01-23 11:02:26,117,3,"[7, 7, 1, 39]",USD,430,25.8,instagram
40,2022-01-23 11:04:08,103,3,"[33, 30]",USD,26,1.56,ppc
41,2022-01-23 11:48:42,124,4,"[37, 25]",USD,109,23.98,facebook
42,2022-01-23 15:44:39,50,3,"[27, 2]",USD,315,18.9,facebook
43,2022-01-23 16:30:29,35,5,"[26, 31]",USD,175,14.0,facebook
44,2022-01-23 18:02:03,68,3,"[34, 20, 27]",USD,102,6.12,instagram
45,2022-01-23 22:11:32,34,3,"[33, 26, 33, 23]",USD,275,16.5,organic
46,2022-01-24 19:24:51,5,5,[1],USD,225,18.0,direct
47,2022-01-24 19:52:11,51,4,"[36, 16, 18]",USD,153,33.660000000000004,instagram
48,2022-01-25 00:24:14,111,5,[27],USD,65,5.2,instagram
49,2022-01-25 07:51:13,6,6,[39],USD,15,2.1,instagram
50,2022-01-25 09:34:08,101,5,[3],USD,130,10.4,twitter
51,2022-01-25 10:01:41,78,6,[36],USD,30,4.2,instagram
52,2022-01-25 14:05:07,154,3,[25],USD,79,4.74,ppc
53,2022-01-25 14:53:46,25,3,[25],USD,79,4.74,instagram
54,2022-01-25 16:01:41,32,5,[31],USD,25,2.0,instagram
55,2022-01-25 16:36:44,34,6,"[31, 25]",USD,104,14.560000000000002,facebook
56,2022-01-25 17:18:07,22,4,"[37, 2]",USD,280,61.6,instagram
57,2022-01-25 18:07:40,84,6,[5],USD,50,7.000000000000001,ppc
58,2022-01-25 21:42:08,17,4,"[28, 14, 33]",USD,545,119.9,direct
59,2022-01-26 00:45:48,59,4,[33],USD,20,4.4,twitter
60,2022-01-26 02:19:03,97,4,"[36, 40]",USD,54,11.88,organic
61,2022-01-26 02:56:49,73,1,[21],USD,54,9.719999999999999,facebook
62,2022-01-26 03:31:28,131,3,[7],USD,95,5.7,ppc
63,2022-01-26 07:47:23,29,4,"[38, 28, 12, 11]",USD,174,38.28,instagram
64,2022-01-26 09:39:49,69,4,"[1, 38, 31]",USD,275,60.5,instagram
65,2022-01-26 10:15:47,15,4,"[17, 28, 38]",USD,103,22.66,facebook
66,2022-01-26 11:44:40,83,3,[23],USD,85,5.1,ppc
67,2022-01-26 16:10:22,115,2,[30],USD,6,0.8400000000000001,organic
68,2022-01-26 17:16:50,141,1,[26],USD,150,27.0,instagram
69,2022-01-26 20:20:38,74,3,"[27, 23, 22, 37]",USD,255,15.299999999999999,instagram
70,2022-01-26 20:46:35,162,4,[34],USD,20,4.4,facebook
71,2022-01-26 22:20:55,93,4,"[26, 26]",USD,300,66.0,direct
72,2022-01-26 22:54:08,32,3,"[13, 36]",USD,34,2.04,ppc
73,2022-01-27 00:45:09,22,2,[20],USD,17,2.3800000000000003,organic
74,2022-01-27 02:39:12,107,4,[18],USD,3,0.66,facebook
75,2022-01-27 02:56:49,85,3,[24],USD,99,5.9399999999999995,instagram
76,2022-01-27 03:17:08,68,3,"[9, 23, 33, 34, 14]",USD,635,38.1,ppc
77,2022-01-27 08:52:39,91,3,"[22, 1, 15]",USD,380,22.8,organic
78,2022-01-27 09:51:46,120,4,[13],USD,4,0.88,instagram
79,2022-01-27 15:52:45,161,3,"[26, 5, 36, 18]",USD,233,13.979999999999999,instagram
80,2022-01-27 19:43:07,125,5,[30],USD,6,0.48,facebook
81,2022-01-27 22:25:11,7,3,[5],USD,50,3.0,ppc
82,2022-01-27 23:44:21,84,4,"[30, 8, 32]",USD,146,32.12,ppc
83,2022-01-28 01:47:21,144,5,"[21, 21, 36]",USD,138,11.040000000000001,facebook
84,2022-01-28 04:02:14,64,6,[8],USD,25,3.5000000000000004,instagram
85,2022-01-28 08:10:14,8,4,[14],USD,450,99.0,direct
86,2022-01-28 15:15:16,113,4,"[10, 23]",USD,125,27.5,facebook
87,2022-01-28 22:18:09,32,5,"[15, 27, 26, 25]",USD,374,29.92,instagram
88,2022-01-28 23:05:31,150,4,[6],USD,5,1.1,instagram
89,2022-01-29 01:21:41,35,3,"[38, 37, 10]",USD,95,5.7,ppc
90,2022-01-29 02:33:33,159,3,"[38, 32]",USD,140,8.4,instagram
91,2022-01-29 05:11:36,133,3,"[31, 23]",USD,110,6.6,ppc
92,2022-01-29 07:14:44,93,2,[29],USD,30,4.2,facebook
93,2022-01-29 12:43:38,103,5,"[22, 5, 37, 22]",USD,230,18.400000000000002,facebook
94,2022-01-29 15:07:47,54,4,"[24, 17, 17]",USD,105,23.1,instagram
95,2022-01-29 19:19:13,109,3,[9],USD,60,3.5999999999999996,organic
96,2022-01-29 20:19:55,127,6,[33],USD,20,2.8000000000000003,direct
97,2022-01-30 00:56:49,135,1,"[14, 20]",USD,467,84.06,ppc
98,2022-01-30 04:56:49,174,5,"[14, 40, 14]",USD,924,73.92,facebook
99,2022-01-30 11:17:31,84,4,"[38, 33, 22]",USD,120,26.4,ppc
100,2022-01-30 21:41:07,185,1,[17],USD,3,0.54,instagram
101,2022-01-31 02:35:49,2,2,[31],USD,25,3.5000000000000004,twitter
102,2022-01-31 07:05:41,170,4,[19],USD,3,0.66,organic
103,2022-01-31 07:47:56,171,4,[7],USD,95,20.9,instagram
104,2022-01-31 13:38:36,120,2,[2],USD,250,35.0,organic
105,2022-01-31 14:29:04,73,4,"[38, 17, 22]",USD,103,22.66,ppc
106,2022-01-31 14:31:15,70,4,[9],USD,60,13.2,organic
107,2022-01-31 15:34:29,173,6,"[10, 1, 7]",USD,360,50.400000000000006,instagram
108,2022-01-31 16:44:57,8,4,[36],USD,30,6.6,organic
109,2022-02-01 00:43:31,144,3,"[33, 17]",USD,23,1.38,ppc
110,2022-02-01 07:53:53,93,4,[33],USD,20,4.4,ppc
111,2022-02-01 10:34:27,75,4,[19],USD,3,0.66,direct
112,2022-02-01 12:58:28,176,5,"[31, 18]",USD,28,2.24,direct
113,2022-02-01 14:19:47,33,5,[22],USD,75,6.0,instagram
114,2022-02-01 15:08:46,192,3,[40],USD,24,1.44,facebook
115,2022-02-01 16:13:52,88,2,"[25, 3, 22, 26]",USD,434,60.760000000000005,facebook
116,2022-02-01 21:13:47,199,4,[5],USD,50,11.0,instagram
117,2022-02-02 03:48:18,51,4,"[36, 17, 10, 27]",USD,138,30.36,organic
118,2022-02-02 12:44:53,83,4,[7],USD,95,20.9,instagram
119,2022-02-02 15:34:06,187,4,"[28, 27, 21, 26]",USD,344,75.68,facebook
120,2022-02-02 22:27:41,183,3,[14],USD,450,27.0,ppc
121,2022-02-03 00:17:57,71,3,"[35, 14, 17]",USD,473,28.38,instagram
122,2022-02-03 09:48:57,184,3,[27],USD,65,3.9,instagram
123,2022-02-04 07:01:47,53,1,"[36, 36, 40]",USD,84,15.12,facebook
124,2022-02-04 09:59:38,51,5,"[25, 36, 3]",USD,239,19.12,ppc
125,2022-02-04 18:35:41,175,1,"[5, 28, 40]",USD,149,26.82,organic
126,2022-02-04 19:09:48,200,5,"[37, 17, 2]",USD,283,22.64,ppc
127,2022-02-05 08:59:36,223,3,"[28, 25, 33]",USD,174,10.44,instagram
128,2022-02-05 15:40:09,135,4,[20],USD,17,3.74,direct
129,2022-02-05 16:10:53,158,4,"[8, 6]",USD,30,6.6,direct
130,2022-02-05 19:24:19,180,2,[4],USD,30,4.2,twitter
131,2022-02-06 04:34:05,31,4,[32],USD,115,25.3,organic
132,2022-02-06 06:59:20,197,3,"[1, 5]",USD,275,16.5,ppc
133,2022-02-06 20:15:15,71,4,"[11, 16, 17, 30]",USD,199,43.78,instagram
134,2022-02-07 08:52:40,212,4,[1],USD,225,49.5,organic
135,2022-02-07 14:38:31,124,4,[23],USD,85,18.7,instagram
136,2022-02-08 06:38:29,101,4,"[8, 37, 22, 27]",USD,195,42.9,twitter
137,2022-02-08 08:48:34,212,6,"[37, 27]",USD,95,13.3,instagram
138,2022-02-08 10:03:00,227,4,[28],USD,75,16.5,instagram
139,2022-02-08 12:07:42,46,4,"[20, 37, 10]",USD,87,19.14,facebook
140,2022-02-08 17:26:55,126,3,"[33, 17, 31, 23]",USD,133,7.9799999999999995,direct
141,2022-02-08 19:28:59,101,3,"[22, 25, 12, 34, 26, 34]",USD,348,20.88,direct
142,2022-02-08 21:03:21,122,4,[7],USD,95,20.9,facebook
143,2022-02-08 23:55:58,169,4,[20],USD,17,3.74,ppc
144,2022-02-09 06:43:20,146,4,"[17, 4]",USD,33,7.26,facebook
145,2022-02-09 12:57:24,22,3,"[14, 38, 36, 38, 23]",USD,615,36.9,ppc
146,2022-02-09 14:55:10,215,4,"[6, 36, 31]",USD,60,13.2,direct
147,2022-02-09 15:58:56,12,3,[11],USD,70,4.2,instagram
148,2022-02-09 23:21:04,118,4,[11],USD,70,15.4,instagram
149,2022-02-10 02:18:03,12,4,"[36, 9, 13]",USD,94,20.68,facebook
150,2022-02-10 04:22:14,30,4,"[4, 1]",USD,255,56.1,organic
151,2022-02-10 04:44:53,3,3,[39],USD,15,0.8999999999999999,instagram
152,2022-02-10 09:20:38,207,4,"[2, 3, 31]",USD,405,89.1,facebook
153,2022-02-11 23:02:17,5,3,"[35, 36]",USD,50,3.0,facebook
154,2022-02-11 23:23:14,46,4,"[28, 22, 25]",USD,229,50.38,instagram
155,2022-02-12 08:36:14,209,6,"[37, 11]",USD,100,14.000000000000002,facebook
156,2022-02-12 08:37:09,1,5,"[40, 1, 5, 36, 33]",USD,349,27.92,direct
157,2022-02-12 17:17:41,252,5,[18],USD,3,0.24,instagram
158,2022-02-12 21:04:39,230,3,"[31, 37]",USD,55,3.3,instagram
159,2022-02-13 06:47:35,225,3,"[38, 38, 12, 29, 31]",USD,109,6.54,ppc
160,2022-02-13 12:19:14,79,4,"[25, 33]",USD,99,21.78,instagram
161,2022-02-13 22:02:11,260,5,[9],USD,60,4.8,facebook
162,2022-02-13 23:05:59,135,4,"[31, 38, 16]",USD,170,37.4,organic
163,2022-02-14 08:50:12,165,6,[4],USD,30,4.2,ppc
164,2022-02-14 11:49:27,160,3,"[27, 16]",USD,185,11.1,instagram
165,2022-02-17 08:47:52,257,4,"[23, 32]",USD,200,44.0,ppc
166,2022-02-17 10:12:42,90,6,[33],USD,20,2.8000000000000003,ppc
167,2022-02-17 20:56:34,248,4,[16],USD,120,26.4,instagram
168,2022-02-17 23:31:13,208,3,"[40, 9, 33, 15]",USD,184,11.04,facebook
169,2022-02-18 00:42:31,109,2,[21],USD,54,7.5600000000000005,instagram
170,2022-02-20 20:30:37,298,4,[29],USD,30,6.6,instagram
171,2022-02-20 22:01:33,230,3,"[33, 25, 2]",USD,349,20.939999999999998,facebook
172,2022-02-21 04:40:40,205,4,"[14, 31, 18, 28]",USD,553,121.66,organic
173,2022-02-21 12:03:26,138,4,[1],USD,225,49.5,twitter
174,2022-02-21 15:06:41,279,4,"[40, 22, 22, 24, 24]",USD,372,81.84,direct
175,2022-02-22 00:03:39,283,6,"[18, 23]",USD,88,12.32,instagram
176,2022-02-23 19:32:59,326,3,"[22, 17]",USD,78,4.68,ppc
177,2022-02-24 20:05:06,158,4,[36],USD,30,6.6,ppc
178,2022-02-24 23:20:02,55,4,[39],USD,15,3.3,ppc
179,2022-02-25 06:07:05,90,4,[28],USD,75,16.5,direct
180,2022-02-26 06:41:52,242,3,[12],USD,4,0.24,ppc
181,2022-02-27 21:10:29,108,5,"[10, 40]",USD,64,5.12,ppc
182,2022-02-28 13:54:11,289,5,"[23, 27]",USD,150,12.0,instagram
183,2022-03-01 10:55:09,281,6,"[12, 25, 40]",USD,107,14.980000000000002,instagram
184,2022-03-01 23:17:40,286,3,[9],USD,60,3.5999999999999996,ppc
185,2022-03-03 06:12:16,182,3,"[18, 28, 38]",USD,103,6.18,ppc
186,2022-03-04 02:06:05,282,4,"[40, 19]",USD,27,5.94,instagram
187,2022-03-04 11:03:48,48,4,[5],USD,50,11.0,organic
188,2022-03-06 12:32:50,110,6,[26],USD,150,21.000000000000004,direct
189,2022-03-08 01:02:20,394,4,[26],USD,150,33.0,instagram
190,2022-03-10 17:14:30,379,4,"[36, 28, 18, 4]",USD,138,30.36,organic
191,2022-03-11 07:53:23,221,3,[23],USD,85,5.1,facebook
192,2022-03-13 08:10:25,44,6,[27],USD,65,9.100000000000001,instagram
193,2022-03-14 11:41:43,121,1,"[23, 22]",USD,160,28.799999999999997,ppc
194,2022-03-15 18:09:20,160,1,"[37, 11]",USD,100,18.0,facebook
195,2022-03-16 15:50:45,28,5,[25],USD,79,6.32,organic
196,2022-03-17 11:19:15,94,4,"[37, 26, 15]",USD,260,57.2,ppc
197,2022-03-17 11:45:37,21,3,"[24, 36, 28]",USD,204,12.24,instagram
198,2022-03-18 16:51:17,427,5,"[29, 15, 29, 18]",USD,143,11.44,ppc
199,2022-03-20 09:56:09,416,5,"[28, 18, 12, 18, 32]",USD,200,16.0,ppc
200,2022-03-20 15:54:53,391,3,"[1, 31, 23, 28, 38]",USD,435,26.099999999999998,organic
201,2022-03-20 18:57:17,415,6,[28],USD,75,10.500000000000002,instagram
202,2022-03-21 05:09:35,160,3,"[18, 23]",USD,88,5.279999999999999,instagram
203,2022-03-21 05:33:33,475,4,"[18, 38, 5]",USD,78,17.16,organic
204,2022-03-22 13:17:47,209,4,[10],USD,40,8.8,instagram
205,2022-03-22 15:14:44,384,3,[22],USD,75,4.5,facebook
206,2022-03-23 00:00:08,357,3,"[12, 23, 4]",USD,119,7.14,organic
207,2022-03-23 19:46:14,332,2,"[36, 23, 31, 7, 34]",USD,255,35.7,instagram
208,2022-03-24 02:01:45,477,6,"[23, 14]",USD,535,74.9,organic
209,2022-03-26 06:07:57,30,3,"[28, 17, 8]",USD,103,6.18,ppc
210,2022-03-26 14:05:38,509,4,"[34, 36, 39]",USD,65,14.3,twitter
211,2022-03-27 08:11:28,187,4,"[22, 12, 26]",USD,229,50.38,organic
212,2022-03-28 06:42:17,170,3,[37],USD,30,1.7999999999999998,instagram
213,2022-03-29 04:19:22,24,6,[32],USD,115,16.1,organic
214,2022-03-29 07:13:13,162,4,"[38, 17]",USD,28,6.16,instagram
215,2022-03-30 08:27:48,69,4,"[18, 12, 26]",USD,157,34.54,facebook
216,2022-03-30 18:19:17,11,3,[25],USD,79,4.74,facebook
217,2022-03-31 04:21:32,150,4,"[23, 27, 25]",USD,229,50.38,ppc
218,2022-03-31 21:39:48,47,6,"[12, 18, 31, 5]",USD,82,11.48,instagram
219,2022-03-31 23:35:37,566,4,[38],USD,25,5.5,facebook
220,2022-04-01 02:27:27,219,4,"[11, 36]",USD,100,22.0,twitter
221,2022-04-01 06:47:09,575,3,"[23, 12, 17, 21, 14]",USD,596,35.76,organic
222,2022-04-01 12:38:15,60,4,"[26, 37]",USD,180,39.6,instagram
223,2022-04-01 21:54:27,323,3,"[31, 7]",USD,120,7.199999999999999,ppc
224,2022-04-02 08:34:24,102,5,"[25, 18]",USD,82,6.5600000000000005,instagram
225,2022-04-02 13:10:46,477,1,"[19, 3]",USD,133,23.939999999999998,ppc
226,2022-04-02 22:09:34,133,4,"[33, 31, 28, 33]",USD,140,30.8,direct
227,2022-04-03 13:01:07,597,2,"[32, 10, 19]",USD,158,22.12,ppc
228,2022-04-04 03:22:06,473,3,"[25, 10, 2, 20, 4, 37]",USD,446,26.759999999999998,organic
229,2022-04-04 16:30:25,558,2,[23],USD,85,11.9,ppc
230,2022-04-05 13:58:59,165,4,"[28, 2, 26, 4]",USD,505,111.1,facebook
231,2022-04-06 06:04:41,498,4,"[31, 40]",USD,49,10.78,instagram
232,2022-04-06 12:10:16,475,6,"[24, 11, 38]",USD,194,27.160000000000004,instagram
233,2022-04-06 20:10:32,322,4,"[14, 23, 14, 6]",USD,990,217.8,facebook
234,2022-04-07 03:36:09,168,3,[36],USD,30,1.7999999999999998,facebook
235,2022-04-07 06:54:03,416,4,"[28, 40]",USD,99,21.78,organic
236,2022-04-07 12:34:14,324,6,"[14, 25]",USD,529,74.06,instagram
237,2022-04-07 14:17:21,23,3,[19],USD,3,0.18,organic
238,2022-04-07 21:46:09,166,1,"[36, 5]",USD,80,14.399999999999999,ppc
239,2022-04-07 22:24:56,450,4,[32],USD,115,25.3,ppc
240,2022-04-10 02:12:15,264,4,"[28, 27]",USD,140,30.8,instagram
241,2022-04-10 05:07:55,28,2,"[11, 14]",USD,520,72.80000000000001,organic
242,2022-04-10 05:12:01,454,4,"[38, 32, 29]",USD,170,37.4,instagram
243,2022-04-10 08:21:22,438,3,"[25, 4]",USD,109,6.54,instagram
244,2022-04-10 14:01:48,398,5,"[31, 22]",USD,100,8.0,organic
245,2022-04-10 18:30:45,645,3,"[1, 13, 23]",USD,314,18.84,ppc
246,2022-04-11 01:12:34,456,5,[6],USD,5,0.4,ppc
247,2022-04-11 03:32:45,43,4,"[26, 8]",USD,175,38.5,instagram
248,2022-04-12 10:40:23,15,5,[22],USD,75,6.0,instagram
249,2022-04-13 03:08:08,180,3,"[12, 36, 16]",USD,154,9.24,instagram
250,2022-04-13 10:57:52,294,3,"[32, 33]",USD,135,8.1,direct
251,2022-04-14 04:16:06,686,4,"[39, 38]",USD,40,8.8,organic
252,2022-04-14 05:56:45,27,3,"[29, 4, 12, 1, 31]",USD,314,18.84,organic
253,2022-04-14 23:37:53,179,5,"[22, 8, 13]",USD,104,8.32,organic
254,2022-04-15 16:52:24,557,5,[12],USD,4,0.32,ppc
255,2022-04-15 20:09:02,53,1,"[31, 40, 38, 36]",USD,104,18.72,organic
256,2022-04-16 21:50:45,582,3,"[25, 27]",USD,144,8.64,facebook
257,2022-04-17 03:08:49,547,4,[26],USD,150,33.0,organic
258,2022-04-17 07:21:16,232,4,[26],USD,150,33.0,instagram
259,2022-04-17 13:48:42,390,6,"[34, 23, 25]",USD,184,25.76,organic
260,2022-04-18 02:49:51,368,5,[1],USD,225,18.0,organic
261,2022-04-18 05:15:33,689,5,[29],USD,30,2.4,ppc
262,2022-04-18 06:17:22,348,3,"[12, 28, 33, 23, 23]",USD,269,16.14,organic
263,2022-04-18 08:47:14,651,4,[16],USD,120,26.4,facebook
264,2022-04-18 16:13:37,59,6,"[27, 36]",USD,95,13.3,instagram
265,2022-04-18 17:38:38,16,4,[25],USD,79,17.38,instagram
266,2022-04-19 01:45:13,101,4,"[27, 37]",USD,95,20.9,facebook
267,2022-04-19 02:34:29,41,6,[28],USD,75,10.500000000000002,instagram
268,2022-04-19 12:16:17,432,3,"[12, 13, 38]",USD,33,1.98,instagram
269,2022-04-19 16:27:01,677,3,"[31, 37, 34]",USD,75,4.5,instagram
270,2022-04-19 17:58:03,45,4,"[2, 11]",USD,320,70.4,direct
271,2022-04-20 00:04:55,726,1,[20],USD,17,3.06,instagram
272,2022-04-20 00:31:54,582,2,"[27, 33]",USD,85,11.9,instagram
273,2022-04-20 10:15:18,460,3,"[16, 40, 17, 37, 27]",USD,242,14.52,instagram
274,2022-04-20 23:29:48,521,1,[36],USD,30,5.3999999999999995,instagram
275,2022-04-21 00:34:19,367,4,"[36, 18, 10]",USD,73,16.06,instagram
276,2022-04-21 01:54:21,454,3,[9],USD,60,3.5999999999999996,direct
277,2022-04-21 05:08:27,343,3,[10],USD,40,2.4,facebook
278,2022-04-21 06:03:31,21,3,"[5, 31, 10, 27]",USD,180,10.799999999999999,ppc
279,2022-04-21 13:07:30,298,3,"[27, 28, 36, 14]",USD,620,37.199999999999996,facebook
280,2022-04-21 15:06:14,209,5,"[2, 33, 32, 15, 10]",USD,505,40.4,instagram
281,2022-04-21 16:30:57,581,5,[11],USD,70,5.6000000000000005,facebook
282,2022-04-21 19:59:10,428,3,[1],USD,225,13.5,facebook
283,2022-04-21 20:52:25,730,5,"[36, 37, 12]",USD,64,5.12,ppc
284,2022-04-21 23:50:46,189,2,"[13, 23, 26]",USD,239,33.46,ppc
285,2022-04-22 00:05:50,711,6,"[26, 14]",USD,600,84.00000000000001,ppc
286,2022-04-22 12:02:31,283,4,"[27, 17, 29]",USD,98,21.56,instagram
287,2022-04-22 13:42:43,247,6,"[30, 38]",USD,31,4.340000000000001,organic
288,2022-04-22 14:19:33,75,4,[31],USD,25,5.5,instagram
289,2022-04-22 15:36:08,367,4,"[33, 28]",USD,95,20.9,ppc
290,2022-04-22 17:34:32,485,6,"[40, 30, 37, 37]",USD,90,12.600000000000001,instagram
291,2022-04-22 18:17:09,312,3,[33],USD,20,1.2,ppc
292,2022-04-22 18:47:59,124,6,[23],USD,85,11.9,ppc
293,2022-04-22 20:15:09,369,6,"[23, 11]",USD,155,21.700000000000003,facebook
294,2022-04-22 20:39:13,375,3,[39],USD,15,0.8999999999999999,ppc
295,2022-04-23 07:07:11,528,4,[31],USD,25,5.5,twitter
296,2022-04-23 07:39:46,182,3,[11],USD,70,4.2,ppc
297,2022-04-23 08:37:41,181,3,[33],USD,20,1.2,ppc
298,2022-04-23 10:24:09,120,4,[33],USD,20,4.4,instagram
299,2022-04-23 18:41:56,262,3,"[37, 11]",USD,100,6.0,facebook
300,2022-04-23 19:14:56,20,6,[32],USD,115,16.1,instagram
301,2022-04-23 22:41:19,649,3,"[26, 38, 38, 33]",USD,220,13.2,facebook
302,2022-04-24 01:47:45,324,4,[16],USD,120,26.4,ppc
303,2022-04-24 05:40:40,232,6,"[23, 20, 22, 14]",USD,627,87.78000000000002,facebook
304,2022-04-24 07:03:39,356,3,"[33, 9]",USD,80,4.8,ppc
305,2022-04-24 09:00:57,531,3,[8],USD,25,1.5,ppc
306,2022-04-24 09:12:06,396,1,[8],USD,25,4.5,organic
307,2022-04-24 10:06:34,467,5,"[37, 38, 37, 18]",USD,88,7.04,ppc
308,2022-04-24 14:45:59,167,3,"[23, 37, 21]",USD,169,10.139999999999999,organic
309,2022-04-24 16:18:40,160,2,[22],USD,75,10.500000000000002,ppc
310,2022-04-24 17:38:16,237,3,[23],USD,85,5.1,ppc
311,2022-04-24 19:54:55,545,4,"[14, 29]",USD,480,105.6,ppc
312,2022-04-24 21:32:32,117,5,"[22, 25, 11]",USD,224,17.92,facebook
313,2022-04-24 23:36:56,685,5,"[28, 30, 20]",USD,98,7.84,instagram
314,2022-04-25 05:28:20,387,1,"[11, 3, 7, 25]",USD,374,67.32,ppc
315,2022-04-25 06:26:00,142,5,[17],USD,3,0.24,ppc
316,2022-04-25 07:20:30,240,5,"[23, 23, 23, 25]",USD,334,26.72,instagram
317,2022-04-25 07:40:03,480,3,[16],USD,120,7.199999999999999,organic
318,2022-04-25 08:57:30,506,3,"[28, 28, 10]",USD,190,11.4,ppc
319,2022-04-25 11:31:48,277,4,[39],USD,15,3.3,twitter
320,2022-04-25 21:57:13,554,3,"[26, 23, 40]",USD,259,15.54,facebook
321,2022-04-25 21:59:30,444,6,"[3, 19]",USD,133,18.62,facebook
322,2022-04-26 00:01:52,236,4,"[16, 26, 33, 30, 28]",USD,371,81.62,organic
323,2022-04-26 00:46:43,296,3,"[14, 28, 17]",USD,528,31.68,ppc
324,2022-04-26 03:34:25,590,4,[27],USD,65,14.3,instagram
325,2022-04-26 04:22:09,744,3,"[36, 22, 31]",USD,130,7.8,instagram
326,2022-04-26 05:50:18,1,4,"[4, 36, 38]",USD,85,18.7,facebook
327,2022-04-26 06:15:54,454,3,"[5, 5, 16]",USD,220,13.2,organic
328,2022-04-26 08:25:04,331,5,[22],USD,75,6.0,facebook
329,2022-04-26 11:18:19,728,4,[32],USD,115,25.3,twitter
330,2022-04-26 12:04:50,431,3,[5],USD,50,3.0,facebook
331,2022-04-26 13:37:45,219,4,"[1, 37, 25, 31, 14]",USD,809,177.98,ppc
332,2022-04-26 14:05:32,230,3,[22],USD,75,4.5,facebook
333,2022-04-26 14:09:04,693,4,"[12, 26]",USD,154,33.88,facebook
334,2022-04-26 15:30:00,535,3,[28],USD,75,4.5,facebook
335,2022-04-26 16:16:53,7,3,"[14, 22]",USD,525,31.5,organic
336,2022-04-26 19:58:11,632,4,[14],USD,450,99.0,ppc
337,2022-04-26 20:11:28,381,4,"[25, 5, 22, 37, 17]",USD,237,52.14,ppc
338,2022-04-26 20:12:55,234,3,"[17, 12]",USD,7,0.42,twitter
339,2022-04-26 22:47:03,485,1,[32],USD,115,20.7,instagram
340,2022-04-26 23:07:37,393,4,[1],USD,225,49.5,facebook
341,2022-04-26 23:17:40,526,3,[20],USD,17,1.02,ppc
342,2022-04-27 01:38:15,360,6,[22],USD,75,10.500000000000002,facebook
343,2022-04-27 10:46:23,355,1,"[36, 22]",USD,105,18.9,facebook
344,2022-04-27 12:00:29,326,3,"[11, 12, 32]",USD,189,11.34,direct
345,2022-04-27 15:05:52,221,6,"[26, 26]",USD,300,42.00000000000001,ppc
346,2022-04-27 17:01:02,629,5,"[36, 18]",USD,33,2.64,ppc
347,2022-04-27 20:18:31,339,4,"[28, 38, 33, 27, 14]",USD,635,139.7,instagram
348,2022-04-27 20:28:22,343,5,"[26, 25, 18]",USD,232,18.56,ppc
349,2022-04-27 20:55:40,669,3,"[4, 23]",USD,115,6.8999999999999995,instagram
350,2022-04-28 03:22:15,703,4,"[13, 40, 23]",USD,113,24.86,direct
351,2022-04-28 04:48:44,227,4,"[27, 40, 38, 36, 30]",USD,150,33.0,ppc
352,2022-04-28 05:21:54,127,2,[27],USD,65,9.100000000000001,instagram
353,2022-04-28 07:12:52,36,4,"[16, 26, 17, 23]",USD,358,78.76,direct
354,2022-04-28 07:13:03,496,1,"[27, 29, 31, 6, 22]",USD,200,36.0,instagram
355,2022-04-28 07:50:39,518,4,"[14, 33]",USD,470,103.4,instagram
356,2022-04-28 08:42:38,546,4,[25],USD,79,17.38,facebook
357,2022-04-28 12:39:51,511,5,[32],USD,115,9.200000000000001,organic
358,2022-04-28 15:53:33,49,3,"[21, 5]",USD,104,6.24,ppc
359,2022-04-28 17:41:46,563,4,"[14, 4, 31, 4]",USD,535,117.7,organic
360,2022-04-28 19:42:36,555,4,"[12, 31, 36, 31]",USD,84,18.48,ppc
361,2022-04-28 20:08:03,404,4,"[17, 25, 13]",USD,86,18.92,ppc
362,2022-04-28 21:33:35,105,2,"[33, 18]",USD,23,3.22,ppc
363,2022-04-28 22:42:35,664,4,[32],USD,115,25.3,ppc
364,2022-04-28 22:55:49,636,5,[17],USD,3,0.24,facebook
365,2022-04-29 00:52:35,34,6,[34],USD,20,2.8000000000000003,instagram
366,2022-04-29 01:36:38,83,4,"[27, 23]",USD,150,33.0,instagram
367,2022-04-29 02:42:26,215,5,[38],USD,25,2.0,direct
368,2022-04-29 04:00:03,323,4,"[14, 28]",USD,525,115.5,organic
369,2022-04-29 05:15:58,691,3,"[23, 12, 11]",USD,159,9.54,ppc
370,2022-04-29 05:32:50,291,4,[36],USD,30,6.6,instagram
371,2022-04-29 05:54:45,508,6,"[3, 22, 33, 30]",USD,231,32.34,facebook
372,2022-04-29 08:26:55,310,3,[9],USD,60,3.5999999999999996,twitter
373,2022-04-29 10:31:24,244,5,[26],USD,150,12.0,instagram
374,2022-04-29 10:45:13,555,4,[25],USD,79,17.38,direct
375,2022-04-29 15:42:04,79,4,"[12, 33, 6]",USD,29,6.38,ppc
376,2022-04-29 16:53:21,573,4,"[25, 28, 38, 40, 33]",USD,223,49.06,instagram
377,2022-04-29 17:31:21,646,4,[34],USD,20,4.4,instagram
378,2022-04-29 18:42:01,123,4,"[38, 34]",USD,45,9.9,facebook
379,2022-04-29 19:26:12,649,6,"[14, 38]",USD,475,66.5,facebook
380,2022-04-29 21:06:10,211,4,"[18, 31, 27]",USD,93,20.46,facebook
381,2022-04-29 21:20:14,665,4,[30],USD,6,1.32,instagram
382,2022-04-29 22:52:36,338,3,"[14, 4]",USD,480,28.799999999999997,facebook
383,2022-04-29 23:22:04,789,3,"[18, 27]",USD,68,4.08,ppc
384,2022-04-30 00:04:43,133,5,[3],USD,130,10.4,instagram
385,2022-04-30 00:41:04,379,3,"[21, 1, 12, 28]",USD,358,21.48,direct
386,2022-04-30 01:17:18,735,4,[5],USD,50,11.0,organic
387,2022-04-30 01:31:43,433,6,[16],USD,120,16.8,instagram
388,2022-04-30 05:15:31,90,5,[25],USD,79,6.32,ppc
389,2022-04-30 06:18:08,177,6,[25],USD,79,11.06,organic
390,2022-04-30 06:43:09,11,3,[34],USD,20,1.2,twitter
391,2022-04-30 06:43:13,352,4,[21],USD,54,11.88,instagram
392,2022-04-30 07:14:41,432,3,[22],USD,75,4.5,organic
393,2022-04-30 10:37:40,608,6,"[34, 37, 38, 34]",USD,95,13.3,instagram
394,2022-04-30 10:50:05,428,6,"[29, 16, 30]",USD,156,21.840000000000003,twitter
395,2022-04-30 13:52:43,377,4,"[40, 16]",USD,144,31.68,instagram
396,2022-04-30 13:58:59,648,3,"[28, 22]",USD,150,9.0,facebook
397,2022-04-30 14:41:54,421,3,[8],USD,25,1.5,facebook
398,2022-04-30 16:31:31,78,3,"[18, 3, 40]",USD,157,9.42,instagram
399,2022-04-30 16:53:13,189,4,"[5, 18]",USD,53,11.66,direct
400,2022-04-30 17:47:19,669,5,"[37, 40]",USD,54,4.32,instagram
401,2022-04-30 19:43:39,730,3,"[13, 13]",USD,8,0.48,instagram
402,2022-04-30 20:25:36,270,6,"[24, 15]",USD,179,25.060000000000002,instagram
403,2022-04-30 21:49:24,581,3,"[40, 36, 31, 12, 22, 23]",USD,243,14.58,instagram
404,2022-04-30 22:18:46,395,6,[28],USD,75,10.500000000000002,twitter
405,2022-04-30 22:22:39,88,5,"[31, 31, 33]",USD,70,5.6000000000000005,direct
406,2022-04-30 23:06:26,325,4,[5],USD,50,11.0,direct
407,2022-04-30 23:12:56,161,3,[27],USD,65,3.9,facebook
408,2022-04-30 23:45:59,661,5,"[38, 28, 28]",USD,175,14.0,facebook
409,2022-05-01 00:12:40,319,4,[36],USD,30,6.6,ppc
410,2022-05-01 00:39:09,145,3,"[33, 37, 12, 13]",USD,58,3.48,facebook
411,2022-05-01 01:27:08,697,5,[35],USD,20,1.6,instagram
412,2022-05-01 02:44:27,336,4,[30],USD,6,1.32,facebook
413,2022-05-01 03:19:40,221,4,[23],USD,85,18.7,instagram
414,2022-05-01 03:26:38,163,4,[4],USD,30,6.6,organic
415,2022-05-01 03:48:22,575,4,[40],USD,24,5.28,instagram
416,2022-05-01 04:15:36,253,3,[18],USD,3,0.18,instagram
417,2022-05-01 04:17:44,669,5,[8],USD,25,2.0,instagram
418,2022-05-01 06:55:06,605,5,"[38, 40, 30]",USD,55,4.4,direct
419,2022-05-01 07:17:15,364,4,"[14, 31, 23, 14, 23]",USD,1095,240.9,ppc
420,2022-05-01 07:50:49,212,3,"[15, 7]",USD,175,10.5,facebook
421,2022-05-01 07:53:02,316,5,"[36, 1, 28]",USD,330,26.400000000000002,direct
422,2022-05-01 08:32:25,97,3,"[30, 32, 17, 34]",USD,144,8.64,ppc
423,2022-05-01 08:56:05,266,4,[2],USD,250,55.0,instagram
424,2022-05-01 09:01:26,728,3,"[23, 23]",USD,170,10.2,direct
425,2022-05-01 09:14:13,40,3,"[17, 18, 2]",USD,256,15.36,ppc
426,2022-05-01 10:28:09,488,4,[36],USD,30,6.6,facebook
427,2022-05-01 10:28:36,354,2,"[17, 2, 26, 2, 19]",USD,656,91.84,instagram
428,2022-05-01 10:35:35,783,5,"[31, 18]",USD,28,2.24,facebook
429,2022-05-01 10:39:52,250,3,"[32, 25]",USD,194,11.639999999999999,ppc
430,2022-05-01 10:49:29,694,3,"[37, 16, 33, 37]",USD,200,12.0,direct
431,2022-05-01 10:56:03,321,2,"[40, 31, 18, 21, 21, 18]",USD,163,22.820000000000004,direct
432,2022-05-01 11:06:36,679,5,"[9, 32]",USD,175,14.0,organic
433,2022-05-01 12:27:01,371,3,"[34, 14, 39]",USD,485,29.099999999999998,ppc
434,2022-05-01 13:00:32,531,4,"[32, 36, 39]",USD,160,35.2,instagram
435,2022-05-01 13:04:31,252,4,[27],USD,65,14.3,ppc
436,2022-05-01 13:34:56,685,4,"[25, 24, 23]",USD,263,57.86,instagram
437,2022-05-01 16:42:18,490,3,"[36, 26, 37, 15, 33]",USD,310,18.599999999999998,ppc
438,2022-05-01 17:43:34,783,3,"[33, 17]",USD,23,1.38,instagram
439,2022-05-01 18:13:31,629,1,"[25, 17, 26]",USD,232,41.76,instagram
440,2022-05-01 19:07:55,317,3,"[12, 33, 18]",USD,27,1.6199999999999999,ppc
441,2022-05-01 19:23:11,626,4,[15],USD,80,17.6,facebook
442,2022-05-01 21:51:39,68,6,"[5, 40, 32]",USD,189,26.46,instagram
443,2022-05-01 21:57:52,738,3,"[35, 17]",USD,23,1.38,organic
444,2022-05-01 22:27:34,536,3,"[36, 36]",USD,60,3.5999999999999996,instagram
445,2022-05-01 23:13:14,391,3,"[33, 28]",USD,95,5.7,instagram
446,2022-05-01 23:46:03,495,3,"[18, 10, 13, 36]",USD,77,4.62,facebook
447,2022-05-02 00:24:59,576,4,"[25, 26]",USD,229,50.38,organic
448,2022-05-02 00:30:31,667,4,[32],USD,115,25.3,instagram
449,2022-05-02 03:19:17,371,4,"[9, 40, 9]",USD,144,31.68,ppc
450,2022-05-02 03:30:56,327,3,[29],USD,30,1.7999999999999998,ppc
451,2022-05-02 04:12:31,595,5,[31],USD,25,2.0,ppc
452,2022-05-02 05:42:48,365,5,[28],USD,75,6.0,direct
453,2022-05-02 06:35:51,135,4,"[18, 31, 9, 9, 23]",USD,233,51.26,instagram
454,2022-05-02 07:57:47,49,4,"[34, 18]",USD,23,5.06,instagram
455,2022-05-02 08:08:13,74,4,[28],USD,75,16.5,instagram
456,2022-05-02 11:12:52,257,4,"[9, 17, 35]",USD,83,18.26,instagram
457,2022-05-02 12:55:44,155,4,"[19, 11, 33, 20]",USD,110,24.2,facebook
458,2022-05-02 13:36:30,767,3,[3],USD,130,7.8,twitter
459,2022-05-02 13:42:57,765,4,[18],USD,3,0.66,ppc
460,2022-05-02 14:42:11,778,3,"[36, 27]",USD,95,5.7,facebook
461,2022-05-02 14:44:07,135,3,[35],USD,20,1.2,ppc
462,2022-05-02 15:17:47,713,3,"[28, 31, 32]",USD,215,12.9,facebook
463,2022-05-02 15:33:21,223,4,"[28, 2]",USD,325,71.5,twitter
464,2022-05-02 16:08:35,128,3,[19],USD,3,0.18,instagram
465,2022-05-02 16:12:41,508,4,"[25, 33]",USD,99,21.78,instagram
466,2022-05-02 16:30:41,695,3,[40],USD,24,1.44,instagram
467,2022-05-02 18:01:06,511,4,"[31, 13, 36]",USD,59,12.98,instagram
468,2022-05-02 18:09:54,627,4,"[31, 12, 4]",USD,59,12.98,ppc
469,2022-05-02 19:19:17,273,5,"[37, 28]",USD,105,8.4,ppc
470,2022-05-02 19:43:21,386,6,[39],USD,15,2.1,facebook
471,2022-05-02 20:00:44,493,3,[5],USD,50,3.0,instagram
472,2022-05-02 20:14:03,369,5,[27],USD,65,5.2,facebook
473,2022-05-02 20:48:30,108,4,"[19, 12, 2, 17, 22]",USD,335,73.7,instagram
474,2022-05-02 21:13:47,722,5,"[17, 22, 17]",USD,81,6.48,instagram
475,2022-05-02 21:14:38,339,4,[20],USD,17,3.74,instagram
476,2022-05-02 22:20:30,805,5,[26],USD,150,12.0,direct
477,2022-05-02 22:30:27,803,5,"[18, 31, 33, 30]",USD,54,4.32,instagram
478,2022-05-02 22:59:35,377,4,[36],USD,30,6.6,facebook
479,2022-05-03 00:31:58,269,4,[14],USD,450,99.0,ppc
480,2022-05-03 00:45:30,587,4,"[30, 7]",USD,101,22.22,ppc
481,2022-05-03 01:47:49,686,1,"[27, 22]",USD,140,25.2,ppc
482,2022-05-03 01:57:30,335,3,"[28, 30]",USD,81,4.859999999999999,ppc
483,2022-05-03 03:13:06,529,3,"[23, 29, 33, 22, 33]",USD,230,13.799999999999999,organic
484,2022-05-03 03:54:37,708,5,[14],USD,450,36.0,instagram
485,2022-05-03 04:19:57,807,3,"[33, 37, 16]",USD,170,10.2,instagram
486,2022-05-03 04:20:06,494,5,[21],USD,54,4.32,instagram
487,2022-05-03 05:07:22,34,3,"[40, 17, 17]",USD,30,1.7999999999999998,ppc
488,2022-05-03 07:16:08,33,4,"[36, 17, 14, 40]",USD,507,111.54,instagram
489,2022-05-03 08:15:58,701,5,"[5, 6, 27]",USD,120,9.6,twitter
490,2022-05-03 08:59:43,430,5,[20],USD,17,1.36,facebook
491,2022-05-03 09:25:02,567,4,"[26, 2, 28]",USD,475,104.5,facebook
492,2022-05-03 09:37:36,368,4,[8],USD,25,5.5,instagram
493,2022-05-03 10:40:47,588,4,[28],USD,75,16.5,instagram
494,2022-05-03 10:50:50,460,4,[30],USD,6,1.32,instagram
495,2022-05-03 11:38:49,416,5,[25],USD,79,6.32,direct
496,2022-05-03 12:23:22,219,4,[27],USD,65,14.3,ppc
497,2022-05-03 13:23:14,694,4,[14],USD,450,99.0,instagram
498,2022-05-03 13:51:10,50,3,"[12, 1]",USD,229,13.74,ppc
499,2022-05-03 13:53:52,317,4,"[27, 28, 12, 6, 37]",USD,179,39.38,instagram
500,2022-05-03 14:13:54,105,3,"[14, 28]",USD,525,31.5,instagram
501,2022-05-03 16:04:09,668,4,[37],USD,30,6.6,direct
502,2022-05-03 17:16:56,816,3,"[27, 38]",USD,90,5.3999999999999995,facebook
503,2022-05-03 18:15:16,311,4,"[32, 24, 12, 31]",USD,243,53.46,instagram
504,2022-05-03 19:05:47,636,5,[15],USD,80,6.4,instagram
505,2022-05-03 19:12:02,352,5,"[22, 6, 21, 23]",USD,219,17.52,ppc
506,2022-05-03 19:15:41,210,4,"[38, 14, 24]",USD,574,126.28,instagram
507,2022-05-03 20:17:24,629,3,[36],USD,30,1.7999999999999998,instagram
508,2022-05-03 20:22:28,273,5,"[39, 36, 14]",USD,495,39.6,ppc
509,2022-05-03 20:27:57,760,6,[6],USD,5,0.7000000000000001,direct
510,2022-05-03 21:01:22,668,4,[24],USD,99,21.78,facebook
511,2022-05-03 21:17:49,64,3,[27],USD,65,3.9,instagram
512,2022-05-03 21:50:48,407,3,[2],USD,250,15.0,direct
513,2022-05-03 22:17:32,288,4,"[27, 5, 2, 40, 23]",USD,474,104.28,ppc
514,2022-05-03 22:18:02,265,5,"[18, 25]",USD,82,6.5600000000000005,ppc
515,2022-05-03 23:05:52,317,6,"[22, 38, 38, 17]",USD,128,17.92,ppc
516,2022-05-04 00:15:03,526,5,"[19, 15]",USD,83,6.640000000000001,instagram
517,2022-05-04 00:24:16,559,4,"[23, 14]",USD,535,117.7,twitter
518,2022-05-04 00:26:46,583,4,"[14, 28, 9, 17, 37]",USD,618,135.96,instagram
519,2022-05-04 00:43:55,343,4,"[36, 28]",USD,105,23.1,facebook
520,2022-05-04 00:54:51,108,4,[7],USD,95,20.9,facebook
521,2022-05-04 00:56:05,44,4,"[36, 25]",USD,109,23.98,instagram
522,2022-05-04 01:27:18,728,4,"[10, 37]",USD,70,15.4,ppc
523,2022-05-04 01:37:53,491,5,"[38, 13, 34, 28]",USD,124,9.92,twitter
524,2022-05-04 02:06:21,534,3,[33],USD,20,1.2,ppc
525,2022-05-04 04:23:20,77,5,[35],USD,20,1.6,facebook
526,2022-05-04 04:43:45,296,4,"[18, 9]",USD,63,13.86,instagram
527,2022-05-04 05:14:47,394,3,[27],USD,65,3.9,instagram
528,2022-05-04 06:00:41,302,3,"[33, 4]",USD,50,3.0,instagram
529,2022-05-04 06:31:45,284,3,[13],USD,4,0.24,instagram
530,2022-05-04 06:44:03,761,4,"[37, 17, 40, 27]",USD,122,26.84,facebook
531,2022-05-04 06:48:55,631,4,[4],USD,30,6.6,instagram
532,2022-05-04 06:59:15,792,5,[10],USD,40,3.2,organic
533,2022-05-04 07:32:33,393,4,"[27, 22]",USD,140,30.8,instagram
534,2022-05-04 07:43:25,31,3,"[20, 6, 18, 6]",USD,30,1.7999999999999998,ppc
535,2022-05-04 08:28:14,295,3,"[25, 17, 14]",USD,532,31.919999999999998,facebook
536,2022-05-04 08:54:12,403,4,[12],USD,4,0.88,instagram
537,2022-05-04 08:55:08,811,5,"[27, 33, 17]",USD,88,7.04,facebook
538,2022-05-04 09:10:19,764,6,[9],USD,60,8.4,instagram
539,2022-05-04 09:30:48,723,4,"[39, 17, 39]",USD,33,7.26,instagram
540,2022-05-04 09:40:10,180,3,"[37, 40, 38]",USD,79,4.74,facebook
541,2022-05-04 09:43:21,288,6,"[25, 22, 27]",USD,219,30.660000000000004,direct
542,2022-05-04 10:42:12,720,6,[37],USD,30,4.2,organic
543,2022-05-04 11:23:55,347,4,[12],USD,4,0.88,instagram
544,2022-05-04 11:25:06,688,4,[9],USD,60,13.2,direct
545,2022-05-04 13:14:51,520,5,"[17, 18]",USD,6,0.48,ppc
546,2022-05-04 13:39:27,13,5,[22],USD,75,6.0,ppc
547,2022-05-04 14:21:54,415,1,"[17, 4, 40]",USD,57,10.26,organic
548,2022-05-04 15:24:28,262,5,"[27, 26, 36]",USD,245,19.6,organic
549,2022-05-04 16:41:42,109,1,"[36, 36]",USD,60,10.799999999999999,facebook
550,2022-05-04 17:53:30,512,5,"[19, 33]",USD,23,1.84,ppc
551,2022-05-04 18:14:32,128,3,"[26, 18, 22, 23]",USD,313,18.779999999999998,facebook
552,2022-05-04 18:38:51,785,4,"[29, 17]",USD,33,7.26,twitter
553,2022-05-04 18:54:49,11,4,[18],USD,3,0.66,instagram
554,2022-05-04 19:15:54,792,5,"[35, 20, 10]",USD,77,6.16,instagram
555,2022-05-04 19:17:54,431,4,[26],USD,150,33.0,ppc
556,2022-05-04 20:07:18,18,3,[31],USD,25,1.5,facebook
557,2022-05-04 21:10:00,781,4,"[34, 31, 25, 38]",USD,149,32.78,instagram
558,2022-05-04 22:15:05,72,4,[17],USD,3,0.66,instagram
559,2022-05-04 22:20:27,737,4,[37],USD,30,6.6,instagram
560,2022-05-04 22:34:59,240,4,[26],USD,150,33.0,ppc
561,2022-05-04 22:52:35,782,5,[13],USD,4,0.32,instagram
562,2022-05-04 23:24:01,623,5,"[40, 23, 25]",USD,188,15.040000000000001,instagram
563,2022-05-04 23:50:12,227,4,"[40, 9, 33, 40]",USD,128,28.16,organic
564,2022-05-05 00:02:19,416,5,[38],USD,25,2.0,facebook
565,2022-05-05 00:23:32,23,4,"[17, 33, 14, 37]",USD,503,110.66,facebook
566,2022-05-05 00:27:43,468,6,"[11, 38]",USD,95,13.3,instagram
567,2022-05-05 00:43:49,495,3,[32],USD,115,6.8999999999999995,ppc
568,2022-05-05 00:52:17,466,3,"[33, 17]",USD,23,1.38,instagram
569,2022-05-05 01:05:07,103,3,"[12, 33]",USD,24,1.44,facebook
570,2022-05-05 01:17:58,398,3,"[10, 25, 23]",USD,204,12.24,instagram
571,2022-05-05 01:18:19,272,1,[19],USD,3,0.54,ppc
572,2022-05-05 01:38:22,143,4,"[37, 12, 25, 25, 12]",USD,196,43.12,facebook
573,2022-05-05 01:55:18,483,3,[2],USD,250,15.0,organic
574,2022-05-05 04:09:54,195,3,"[28, 5, 26, 30]",USD,281,16.86,facebook
575,2022-05-05 04:37:49,1,3,"[31, 40]",USD,49,2.94,facebook
576,2022-05-05 04:43:09,583,6,"[31, 9, 14, 18, 25]",USD,617,86.38000000000001,ppc
577,2022-05-05 05:06:02,133,3,[24],USD,99,5.9399999999999995,facebook
578,2022-05-05 05:47:53,130,2,[29],USD,30,4.2,organic
579,2022-05-05 05:56:28,409,6,[5],USD,50,7.000000000000001,ppc
580,2022-05-05 07:30:03,166,3,[34],USD,20,1.2,instagram
581,2022-05-05 07:30:15,211,3,[12],USD,4,0.24,instagram
582,2022-05-05 08:25:03,320,4,"[12, 33, 33]",USD,44,9.68,direct
583,2022-05-05 09:39:08,543,1,[33],USD,20,3.5999999999999996,facebook
584,2022-05-05 10:45:26,20,4,[30],USD,6,1.32,facebook
585,2022-05-05 11:07:28,821,4,[23],USD,85,18.7,facebook
586,2022-05-05 12:08:20,535,4,"[26, 16, 20]",USD,287,63.14,instagram
587,2022-05-05 12:38:02,139,6,"[31, 17, 33, 6, 17]",USD,56,7.840000000000001,direct
588,2022-05-05 12:53:48,362,4,[28],USD,75,16.5,facebook
589,2022-05-05 12:59:41,773,3,"[31, 2, 2, 36]",USD,555,33.3,organic
590,2022-05-05 13:05:59,806,1,"[26, 1, 23]",USD,460,82.8,instagram
591,2022-05-05 13:10:06,724,4,"[33, 18]",USD,23,5.06,instagram
592,2022-05-05 13:31:56,68,3,"[33, 26, 21]",USD,224,13.44,instagram
593,2022-05-05 14:02:09,8,3,"[17, 31, 2]",USD,278,16.68,instagram
594,2022-05-05 14:37:54,703,4,"[28, 27, 16, 37]",USD,290,63.8,organic
595,2022-05-05 14:52:00,76,2,[40],USD,24,3.3600000000000003,facebook
596,2022-05-05 15:56:38,579,4,"[40, 36]",USD,54,11.88,ppc
597,2022-05-05 16:52:32,510,3,"[9, 5, 27, 39]",USD,190,11.4,instagram
598,2022-05-05 16:55:23,5,3,[26],USD,150,9.0,facebook
599,2022-05-05 17:16:33,28,4,"[37, 39, 12, 14]",USD,499,109.78,facebook
600,2022-05-05 17:52:37,498,3,[35],USD,20,1.2,instagram
601,2022-05-05 17:59:29,556,3,[14],USD,450,27.0,instagram
602,2022-05-05 18:03:06,152,3,[36],USD,30,1.7999999999999998,ppc
603,2022-05-05 18:05:30,284,5,"[36, 17]",USD,33,2.64,direct
604,2022-05-05 18:25:11,642,4,"[31, 36, 18]",USD,58,12.76,ppc
605,2022-05-05 18:49:33,482,5,"[24, 12]",USD,103,8.24,ppc
606,2022-05-05 20:14:45,621,4,[33],USD,20,4.4,ppc
607,2022-05-05 20:28:43,298,4,[1],USD,225,49.5,ppc
608,2022-05-05 22:44:32,825,4,[37],USD,30,6.6,instagram
609,2022-05-05 23:15:19,691,3,"[25, 8, 8]",USD,129,7.739999999999999,organic
610,2022-05-05 23:16:41,759,3,"[36, 28, 31]",USD,130,7.8,instagram
611,2022-05-05 23:36:54,568,2,"[14, 40]",USD,474,66.36,facebook
612,2022-05-06 01:13:15,823,5,"[36, 7, 17]",USD,128,10.24,organic
613,2022-05-06 01:23:50,112,4,[25],USD,79,17.38,organic
614,2022-05-06 01:42:34,553,4,"[31, 1]",USD,250,55.0,instagram
615,2022-05-06 01:50:51,547,2,[22],USD,75,10.500000000000002,ppc
616,2022-05-06 02:10:05,460,4,"[1, 18, 18]",USD,231,50.82,facebook
617,2022-05-06 03:15:40,79,4,"[27, 40, 28, 38]",USD,189,41.58,ppc
618,2022-05-06 03:16:13,788,6,"[28, 38]",USD,100,14.000000000000002,instagram
619,2022-05-06 03:32:42,1,4,"[5, 31]",USD,75,16.5,direct
620,2022-05-06 03:50:09,490,5,[27],USD,65,5.2,instagram
621,2022-05-06 04:10:40,58,2,"[9, 11, 31, 17, 40]",USD,182,25.480000000000004,instagram
622,2022-05-06 04:16:39,63,4,[13],USD,4,0.88,ppc
623,2022-05-06 05:08:35,289,3,[28],USD,75,4.5,organic
624,2022-05-06 05:54:24,65,3,[12],USD,4,0.24,facebook
625,2022-05-06 06:13:24,615,4,"[15, 19, 20]",USD,100,22.0,ppc
626,2022-05-06 06:47:50,243,6,"[20, 39]",USD,32,4.48,organic
627,2022-05-06 07:45:36,236,3,"[12, 12, 24, 25]",USD,186,11.16,ppc
628,2022-05-06 08:29:14,188,5,[22],USD,75,6.0,ppc
629,2022-05-06 09:12:39,121,5,"[17, 33]",USD,23,1.84,ppc
630,2022-05-06 09:18:28,383,1,[9],USD,60,10.799999999999999,instagram
631,2022-05-06 09:53:27,277,4,"[15, 37]",USD,110,24.2,organic
632,2022-05-06 10:10:47,814,2,"[18, 33]",USD,23,3.22,instagram
633,2022-05-06 10:50:08,595,4,"[33, 17, 23]",USD,108,23.76,ppc
634,2022-05-06 11:33:03,245,3,[19],USD,3,0.18,instagram
635,2022-05-06 12:51:40,336,4,"[30, 17, 17, 33, 30, 18]",USD,41,9.02,instagram
636,2022-05-06 13:27:24,468,2,"[14, 28, 12, 35]",USD,549,76.86000000000001,instagram
637,2022-05-06 13:42:10,133,4,[18],USD,3,0.66,instagram
638,2022-05-06 17:10:21,69,4,"[4, 28, 31]",USD,130,28.6,facebook
639,2022-05-06 19:38:11,237,6,"[28, 14]",USD,525,73.5,organic
640,2022-05-06 20:49:01,151,4,"[33, 28, 27]",USD,160,35.2,instagram
641,2022-05-06 21:15:55,798,5,[16],USD,120,9.6,instagram
642,2022-05-06 21:19:22,710,3,"[40, 25]",USD,103,6.18,ppc
643,2022-05-06 21:25:13,325,5,"[31, 32, 7]",USD,235,18.8,organic
644,2022-05-06 21:44:27,476,6,[38],USD,25,3.5000000000000004,direct
645,2022-05-07 00:30:38,772,4,"[40, 25, 19]",USD,106,23.32,direct
646,2022-05-07 00:35:23,342,4,"[4, 26]",USD,180,39.6,instagram
647,2022-05-07 00:43:53,829,3,"[26, 36, 28]",USD,255,15.299999999999999,instagram
648,2022-05-07 01:31:18,604,6,[36],USD,30,4.2,direct
649,2022-05-07 02:33:09,186,3,"[22, 27]",USD,140,8.4,facebook
650,2022-05-07 04:39:28,659,2,"[25, 36]",USD,109,15.260000000000002,organic
651,2022-05-07 05:27:50,141,3,"[37, 31, 27]",USD,120,7.199999999999999,instagram
652,2022-05-07 06:17:07,680,6,"[27, 18]",USD,68,9.520000000000001,ppc
653,2022-05-07 06:37:43,289,3,"[34, 38, 35, 18, 35, 39]",USD,103,6.18,organic
654,2022-05-07 07:12:26,758,3,"[18, 6, 33]",USD,28,1.68,facebook
655,2022-05-07 07:56:16,744,4,"[17, 37]",USD,33,7.26,facebook
656,2022-05-07 08:20:33,737,4,[8],USD,25,5.5,instagram
657,2022-05-07 09:39:36,81,3,"[5, 39, 25]",USD,144,8.64,facebook
658,2022-05-07 09:50:05,433,3,"[10, 18, 35, 15]",USD,143,8.58,organic
659,2022-05-07 09:54:45,604,1,"[17, 37, 12]",USD,37,6.66,instagram
660,2022-05-07 10:04:59,63,2,[16],USD,120,16.8,instagram
661,2022-05-07 10:13:40,288,5,"[25, 31, 31]",USD,129,10.32,instagram
662,2022-05-07 10:49:43,620,4,"[12, 37]",USD,34,7.48,ppc
663,2022-05-07 11:11:22,753,5,[8],USD,25,2.0,organic
664,2022-05-07 12:00:15,643,6,[27],USD,65,9.100000000000001,ppc
665,2022-05-07 13:24:13,756,4,"[33, 37, 6, 9]",USD,115,25.3,organic
666,2022-05-07 13:27:00,613,2,"[19, 22]",USD,78,10.920000000000002,direct
667,2022-05-07 13:48:19,390,4,[15],USD,80,17.6,facebook
668,2022-05-07 14:44:20,238,3,[35],USD,20,1.2,instagram
669,2022-05-07 14:46:18,41,4,[12],USD,4,0.88,ppc
670,2022-05-07 14:47:45,641,6,[32],USD,115,16.1,instagram
671,2022-05-07 15:03:55,711,4,"[17, 19]",USD,6,1.32,ppc
672,2022-05-07 15:37:24,387,4,"[25, 40]",USD,103,22.66,facebook
673,2022-05-07 15:37:59,313,6,[31],USD,25,3.5000000000000004,ppc
674,2022-05-07 16:20:36,511,2,"[2, 37, 34]",USD,300,42.00000000000001,organic
675,2022-05-07 16:28:07,218,4,"[27, 26]",USD,215,47.3,ppc
676,2022-05-07 17:00:42,583,4,"[23, 33, 17]",USD,108,23.76,direct
677,2022-05-07 17:09:46,793,5,"[7, 7]",USD,190,15.200000000000001,ppc
678,2022-05-07 18:07:40,99,4,"[12, 11, 33, 7]",USD,189,41.58,ppc
679,2022-05-07 18:32:48,102,4,"[22, 14]",USD,525,115.5,ppc
680,2022-05-07 18:40:02,168,4,"[28, 3]",USD,205,45.1,twitter
681,2022-05-07 19:41:30,607,4,"[10, 12, 28, 14]",USD,569,125.18,instagram
682,2022-05-07 21:12:56,108,3,"[25, 37, 37]",USD,139,8.34,facebook
683,2022-05-07 21:14:15,231,4,[35],USD,20,4.4,facebook
684,2022-05-07 23:01:20,170,1,[14],USD,450,81.0,instagram
685,2022-05-07 23:09:05,339,3,[35],USD,20,1.2,instagram
686,2022-05-08 00:22:32,118,4,"[17, 18]",USD,6,1.32,ppc
687,2022-05-08 01:49:03,389,6,"[33, 21, 1]",USD,299,41.86000000000001,instagram
688,2022-05-08 02:31:10,235,5,"[39, 37, 4]",USD,75,6.0,instagram
689,2022-05-08 03:17:32,622,6,"[19, 9]",USD,63,8.82,ppc
690,2022-05-08 03:29:42,563,6,[19],USD,3,0.42000000000000004,instagram
691,2022-05-08 04:21:43,673,2,[36],USD,30,4.2,organic
692,2022-05-08 04:59:10,694,6,[36],USD,30,4.2,instagram
693,2022-05-08 05:27:11,305,6,[16],USD,120,16.8,facebook
694,2022-05-08 06:03:35,261,1,"[23, 28, 1]",USD,385,69.3,ppc
695,2022-05-08 06:16:44,461,3,[8],USD,25,1.5,ppc
696,2022-05-08 07:26:32,536,3,"[14, 7, 26, 23]",USD,780,46.8,facebook
697,2022-05-08 08:02:44,161,4,[18],USD,3,0.66,direct
698,2022-05-08 08:34:06,840,5,[16],USD,120,9.6,ppc
699,2022-05-08 08:56:33,689,4,"[34, 27, 8]",USD,110,24.2,instagram
700,2022-05-08 10:20:53,341,2,[8],USD,25,3.5000000000000004,instagram
701,2022-05-08 10:24:19,293,2,"[14, 17]",USD,453,63.42000000000001,facebook
702,2022-05-08 10:24:46,9,4,"[9, 39, 13]",USD,79,17.38,facebook
703,2022-05-08 10:26:53,792,5,[32],USD,115,9.200000000000001,facebook
704,2022-05-08 10:50:07,533,3,[16],USD,120,7.199999999999999,organic
705,2022-05-08 11:20:18,113,6,[1],USD,225,31.500000000000004,direct
706,2022-05-08 11:29:46,536,3,[37],USD,30,1.7999999999999998,instagram
707,2022-05-08 12:26:33,534,4,[32],USD,115,25.3,ppc
708,2022-05-08 13:50:12,181,4,"[2, 33, 8]",USD,295,64.9,instagram
709,2022-05-08 13:51:00,848,3,[21],USD,54,3.2399999999999998,facebook
710,2022-05-08 14:31:25,613,5,[14],USD,450,36.0,instagram
711,2022-05-08 15:10:06,781,3,"[14, 24, 36, 25]",USD,658,39.48,ppc
712,2022-05-08 15:18:53,238,3,[11],USD,70,4.2,instagram
713,2022-05-08 16:21:57,583,4,"[32, 37, 37, 38, 32]",USD,315,69.3,organic
714,2022-05-08 19:04:34,632,3,[18],USD,3,0.18,organic
715,2022-05-08 20:02:10,163,3,[8],USD,25,1.5,instagram
716,2022-05-08 20:23:33,715,3,"[1, 33]",USD,245,14.7,facebook
717,2022-05-08 21:48:45,15,3,"[21, 37]",USD,84,5.04,instagram
718,2022-05-08 22:30:07,650,5,"[23, 28]",USD,160,12.8,ppc
719,2022-05-08 23:30:35,361,5,[27],USD,65,5.2,organic
720,2022-05-09 00:47:45,667,3,[39],USD,15,0.8999999999999999,instagram
721,2022-05-09 00:51:42,513,4,[27],USD,65,14.3,instagram
722,2022-05-09 01:44:15,191,1,[17],USD,3,0.54,facebook
723,2022-05-09 04:01:51,252,1,"[36, 36, 12]",USD,64,11.52,instagram
724,2022-05-09 04:52:48,154,4,[25],USD,79,17.38,organic
725,2022-05-09 05:04:14,642,3,[32],USD,115,6.8999999999999995,facebook
726,2022-05-09 06:23:15,142,4,"[28, 25]",USD,154,33.88,instagram
727,2022-05-09 10:02:14,346,4,[23],USD,85,18.7,facebook
728,2022-05-09 10:22:21,738,4,[11],USD,70,15.4,instagram
729,2022-05-09 10:43:12,311,5,"[23, 12, 38, 14]",USD,564,45.12,instagram
730,2022-05-09 11:14:06,539,3,"[27, 29, 31]",USD,120,7.199999999999999,ppc
731,2022-05-09 11:21:31,823,6,[37],USD,30,4.2,twitter
732,2022-05-09 11:33:38,672,4,[38],USD,25,5.5,organic
733,2022-05-09 12:04:09,733,2,"[15, 33, 31, 32]",USD,240,33.6,organic
734,2022-05-09 12:04:48,105,4,"[13, 40]",USD,28,6.16,facebook
735,2022-05-09 14:01:16,615,3,[30],USD,6,0.36,instagram
736,2022-05-09 14:41:07,34,4,"[40, 37]",USD,54,11.88,instagram
737,2022-05-09 15:29:43,148,3,[14],USD,450,27.0,ppc
738,2022-05-09 15:49:22,314,4,"[31, 27]",USD,90,19.8,ppc
739,2022-05-09 15:55:13,394,3,"[12, 33]",USD,24,1.44,instagram
740,2022-05-09 16:41:29,857,3,"[25, 18, 38]",USD,107,6.42,direct
741,2022-05-09 18:05:01,691,3,"[22, 40, 10, 7]",USD,234,14.04,ppc
742,2022-05-09 18:17:31,420,4,[13],USD,4,0.88,direct
743,2022-05-09 18:57:40,369,4,[27],USD,65,14.3,ppc
744,2022-05-09 19:21:55,483,3,"[19, 40, 7]",USD,122,7.319999999999999,facebook
745,2022-05-09 19:37:20,422,1,"[27, 9]",USD,125,22.5,direct
746,2022-05-09 20:55:54,627,4,"[7, 25, 12, 3]",USD,308,67.76,ppc
747,2022-05-09 21:03:22,512,4,[18],USD,3,0.66,instagram
748,2022-05-09 21:57:36,191,4,[31],USD,25,5.5,ppc
749,2022-05-09 22:26:44,40,3,"[24, 26, 10, 30]",USD,295,17.7,direct
750,2022-05-09 23:36:35,303,4,"[25, 35, 8]",USD,124,27.28,instagram
751,2022-05-10 01:07:38,331,4,[26],USD,150,33.0,ppc
752,2022-05-10 01:46:05,79,4,"[22, 21, 22]",USD,204,44.88,direct
753,2022-05-10 03:18:36,754,6,[29],USD,30,4.2,facebook
754,2022-05-10 03:40:25,323,6,[35],USD,20,2.8000000000000003,facebook
755,2022-05-10 03:46:19,840,3,"[1, 39]",USD,240,14.399999999999999,ppc
756,2022-05-10 04:15:11,477,4,[23],USD,85,18.7,direct
757,2022-05-10 05:19:17,562,3,[13],USD,4,0.24,ppc
758,2022-05-10 06:32:01,208,5,[29],USD,30,2.4,facebook
759,2022-05-10 07:21:34,112,1,[7],USD,95,17.099999999999998,organic
760,2022-05-10 07:46:41,307,3,"[7, 17]",USD,98,5.88,twitter
761,2022-05-10 09:22:49,502,2,"[33, 40, 2]",USD,294,41.160000000000004,facebook
762,2022-05-10 10:59:34,667,6,[15],USD,80,11.200000000000001,facebook
763,2022-05-10 11:25:23,543,3,"[33, 33]",USD,40,2.4,instagram
764,2022-05-10 11:54:02,33,4,"[40, 23]",USD,109,23.98,ppc
765,2022-05-10 12:26:52,236,3,"[35, 35]",USD,40,2.4,ppc
766,2022-05-10 12:57:09,569,1,"[18, 17, 29, 26]",USD,186,33.48,ppc
767,2022-05-10 12:59:03,405,4,[22],USD,75,16.5,facebook
768,2022-05-10 14:50:11,251,2,[26],USD,150,21.000000000000004,instagram
769,2022-05-10 16:03:48,469,4,[15],USD,80,17.6,facebook
770,2022-05-10 19:14:31,708,4,"[14, 21, 31, 12]",USD,533,117.26,facebook
771,2022-05-10 19:21:24,353,3,[17],USD,3,0.18,organic
772,2022-05-10 19:39:19,577,4,"[18, 27, 12]",USD,72,15.84,instagram
773,2022-05-10 21:12:38,64,1,"[4, 31, 31]",USD,80,14.399999999999999,ppc
774,2022-05-10 21:38:26,387,4,[13],USD,4,0.88,organic
775,2022-05-10 22:33:04,221,3,"[29, 38]",USD,55,3.3,instagram
776,2022-05-10 23:10:37,756,3,"[37, 13]",USD,34,2.04,instagram
777,2022-05-11 02:01:40,674,3,[22],USD,75,4.5,instagram
778,2022-05-11 02:05:01,709,5,[11],USD,70,5.6000000000000005,instagram
779,2022-05-11 03:53:56,638,4,"[2, 34, 40, 23]",USD,379,83.38,facebook
780,2022-05-11 04:02:33,735,4,[16],USD,120,26.4,ppc
781,2022-05-11 04:23:57,791,3,[11],USD,70,4.2,facebook
782,2022-05-11 05:20:18,676,2,[17],USD,3,0.42000000000000004,instagram
783,2022-05-11 05:23:08,357,4,"[28, 22, 15]",USD,230,50.6,facebook
784,2022-05-11 05:23:27,323,3,[31],USD,25,1.5,facebook
785,2022-05-11 05:27:02,341,4,"[23, 26]",USD,235,51.7,ppc
786,2022-05-11 05:45:06,14,4,[20],USD,17,3.74,instagram
787,2022-05-11 05:57:34,603,2,"[18, 21, 28]",USD,132,18.48,instagram
788,2022-05-11 06:29:25,49,4,[29],USD,30,6.6,instagram
789,2022-05-11 09:59:06,40,4,[12],USD,4,0.88,facebook
790,2022-05-11 10:38:49,100,3,"[38, 22, 17, 17]",USD,106,6.359999999999999,twitter
791,2022-05-11 12:50:22,265,3,"[15, 12, 20]",USD,101,6.06,instagram
792,2022-05-11 13:03:23,66,1,"[15, 8, 38]",USD,130,23.4,facebook
793,2022-05-11 13:49:03,632,4,[35],USD,20,4.4,facebook
794,2022-05-11 13:50:19,728,3,"[7, 28, 35]",USD,190,11.4,instagram
795,2022-05-11 14:26:23,376,4,"[33, 40]",USD,44,9.68,organic
796,2022-05-11 14:33:30,555,4,"[18, 36]",USD,33,7.26,instagram
797,2022-05-11 15:38:30,568,5,[37],USD,30,2.4,ppc
798,2022-05-11 16:46:53,710,6,[31],USD,25,3.5000000000000004,instagram
799,2022-05-11 17:37:24,403,6,"[23, 38]",USD,110,15.400000000000002,instagram
800,2022-05-11 18:03:48,119,4,"[12, 36, 17, 8]",USD,62,13.64,ppc
801,2022-05-11 19:38:02,318,4,"[2, 31]",USD,275,60.5,ppc
802,2022-05-11 20:03:59,372,4,"[38, 38]",USD,50,11.0,ppc
803,2022-05-11 20:51:11,273,4,[16],USD,120,26.4,instagram
804,2022-05-11 21:51:14,687,3,"[23, 24]",USD,184,11.04,direct
805,2022-05-11 22:27:27,201,4,"[25, 15, 33]",USD,179,39.38,ppc
806,2022-05-12 00:25:06,476,4,"[31, 28, 20, 11, 22]",USD,262,57.64,twitter
807,2022-05-12 00:32:29,191,4,"[5, 3, 11, 5]",USD,300,66.0,ppc
808,2022-05-12 01:03:44,488,4,[30],USD,6,1.32,instagram
809,2022-05-12 03:26:14,312,4,"[25, 17]",USD,82,18.04,direct
810,2022-05-12 04:00:16,97,3,[27],USD,65,3.9,twitter
811,2022-05-12 04:08:18,21,4,[22],USD,75,16.5,ppc
812,2022-05-12 06:19:55,574,4,"[3, 23]",USD,215,47.3,instagram
813,2022-05-12 06:27:38,40,3,"[40, 25]",USD,103,6.18,twitter
814,2022-05-12 06:56:55,377,5,[25],USD,79,6.32,direct
815,2022-05-12 07:14:00,239,4,"[37, 33, 26, 31, 22]",USD,300,66.0,facebook
816,2022-05-12 07:52:38,46,2,"[27, 17, 17]",USD,71,9.940000000000001,facebook
817,2022-05-12 08:02:24,734,3,"[23, 40, 14]",USD,559,33.54,facebook
818,2022-05-12 08:37:02,172,5,[7],USD,95,7.6000000000000005,facebook
819,2022-05-12 10:47:12,708,3,"[14, 7]",USD,545,32.699999999999996,ppc
820,2022-05-12 11:15:27,19,3,"[27, 23]",USD,150,9.0,ppc
821,2022-05-12 11:17:51,359,3,"[38, 33, 22, 12]",USD,124,7.4399999999999995,ppc
822,2022-05-12 12:34:53,589,3,[4],USD,30,1.7999999999999998,twitter
823,2022-05-12 13:38:46,394,3,"[5, 23]",USD,135,8.1,ppc
824,2022-05-12 14:04:14,299,4,[18],USD,3,0.66,organic
825,2022-05-12 16:01:14,388,3,"[18, 18, 12]",USD,10,0.6,instagram
826,2022-05-12 16:42:41,213,4,[33],USD,20,4.4,twitter
827,2022-05-12 20:29:20,341,3,"[38, 31, 23]",USD,135,8.1,ppc
828,2022-05-12 20:40:25,771,3,[17],USD,3,0.18,ppc
829,2022-05-12 21:04:46,407,4,"[37, 12, 28, 33, 38, 35]",USD,174,38.28,direct
830,2022-05-13 04:28:40,541,4,"[14, 31, 14]",USD,925,203.5,twitter
831,2022-05-13 04:37:58,418,5,"[31, 12, 7]",USD,124,9.92,ppc
832,2022-05-13 04:39:33,185,3,"[23, 18]",USD,88,5.279999999999999,instagram
833,2022-05-13 05:15:13,881,3,[1],USD,225,13.5,instagram
834,2022-05-13 05:19:51,186,3,"[22, 17]",USD,78,4.68,instagram
835,2022-05-13 07:29:03,556,4,"[1, 23]",USD,310,68.2,instagram
836,2022-05-13 07:44:53,470,3,[37],USD,30,1.7999999999999998,facebook
837,2022-05-13 08:15:15,163,4,"[16, 31, 16]",USD,265,58.3,facebook
838,2022-05-13 09:37:12,112,4,"[18, 33, 30]",USD,29,6.38,ppc
839,2022-05-13 12:30:43,198,3,"[16, 3]",USD,250,15.0,instagram
840,2022-05-13 14:17:01,590,3,"[18, 36]",USD,33,1.98,instagram
841,2022-05-13 14:20:05,638,4,[33],USD,20,4.4,facebook
842,2022-05-13 15:06:06,348,4,"[38, 39, 39]",USD,55,12.1,instagram
843,2022-05-13 15:12:40,227,1,"[27, 18, 31, 39, 37]",USD,138,24.84,organic
844,2022-05-13 17:28:02,533,1,"[23, 27, 34, 33]",USD,190,34.199999999999996,organic
845,2022-05-13 17:49:06,138,1,"[20, 3]",USD,147,26.459999999999997,instagram
846,2022-05-13 18:07:08,599,3,[23],USD,85,5.1,facebook
847,2022-05-13 18:45:26,73,6,[6],USD,5,0.7000000000000001,direct
848,2022-05-13 21:09:55,185,4,"[34, 40, 33, 26]",USD,214,47.08,twitter
849,2022-05-14 00:08:56,362,3,"[23, 14]",USD,535,32.1,direct
850,2022-05-14 00:55:35,460,4,[13],USD,4,0.88,ppc
851,2022-05-14 02:38:30,61,4,"[36, 29, 37, 34]",USD,110,24.2,facebook
852,2022-05-14 02:39:37,747,4,"[13, 28]",USD,79,17.38,instagram
853,2022-05-14 03:01:55,6,2,"[40, 15]",USD,104,14.560000000000002,instagram
854,2022-05-14 04:07:51,171,4,"[18, 18]",USD,6,1.32,facebook
855,2022-05-14 04:45:20,175,3,"[21, 26, 22]",USD,279,16.74,direct
856,2022-05-14 06:42:17,356,6,"[18, 25]",USD,82,11.48,organic
857,2022-05-14 08:47:03,879,4,[40],USD,24,5.28,ppc
858,2022-05-14 09:10:43,561,4,[15],USD,80,17.6,ppc
859,2022-05-14 09:28:23,118,4,"[18, 27, 26, 33]",USD,238,52.36,instagram
860,2022-05-14 11:14:50,429,2,"[18, 40, 31, 37]",USD,82,11.48,instagram
861,2022-05-14 15:39:45,114,3,[30],USD,6,0.36,instagram
862,2022-05-14 16:22:09,91,5,[9],USD,60,4.8,organic
863,2022-05-14 18:38:04,29,4,"[33, 38, 4, 4]",USD,105,23.1,direct
864,2022-05-14 18:40:36,619,3,"[7, 25, 28, 40]",USD,273,16.38,organic
865,2022-05-14 19:53:50,25,3,"[25, 18]",USD,82,4.92,ppc
866,2022-05-14 20:21:00,302,4,[5],USD,50,11.0,organic
867,2022-05-14 21:04:14,176,3,"[19, 26]",USD,153,9.18,direct
868,2022-05-14 23:18:12,565,6,"[7, 33]",USD,115,16.1,instagram
869,2022-05-15 00:08:18,97,3,"[37, 38]",USD,55,3.3,ppc
870,2022-05-15 01:30:40,513,5,"[1, 26, 33, 40]",USD,419,33.52,instagram
871,2022-05-15 03:07:16,454,4,"[1, 22]",USD,300,66.0,direct
872,2022-05-15 03:26:15,586,2,"[31, 35]",USD,45,6.300000000000001,instagram
873,2022-05-15 03:51:25,146,3,[39],USD,15,0.8999999999999999,organic
874,2022-05-15 08:51:09,467,4,[40],USD,24,5.28,twitter
875,2022-05-15 09:00:38,393,3,[11],USD,70,4.2,facebook
876,2022-05-15 09:35:01,205,5,"[18, 18]",USD,6,0.48,instagram
877,2022-05-15 10:09:08,719,3,[38],USD,25,1.5,organic
878,2022-05-15 10:36:59,448,3,"[28, 25, 31, 28]",USD,254,15.24,twitter
879,2022-05-15 10:47:36,296,3,"[36, 25, 26, 32, 11]",USD,444,26.64,ppc
880,2022-05-15 13:54:19,193,4,"[17, 23]",USD,88,19.36,direct
881,2022-05-15 16:01:44,134,3,"[37, 8, 31, 27]",USD,145,8.7,ppc
882,2022-05-15 19:12:52,235,1,[34],USD,20,3.5999999999999996,organic
883,2022-05-15 19:29:58,46,3,[23],USD,85,5.1,ppc
884,2022-05-15 23:05:45,779,4,"[38, 33]",USD,45,9.9,ppc
885,2022-05-16 01:22:13,49,4,[19],USD,3,0.66,facebook
886,2022-05-16 04:30:27,512,6,[12],USD,4,0.56,ppc
887,2022-05-16 04:48:34,16,3,"[33, 36]",USD,50,3.0,ppc
888,2022-05-16 05:09:19,845,4,[6],USD,5,1.1,instagram
889,2022-05-16 08:51:30,205,5,"[18, 13, 9]",USD,67,5.36,ppc
890,2022-05-16 09:40:42,256,4,[29],USD,30,6.6,organic
891,2022-05-16 10:22:23,102,3,[17],USD,3,0.18,instagram
892,2022-05-16 11:52:47,338,4,"[28, 34, 17]",USD,98,21.56,ppc
893,2022-05-16 12:27:30,566,6,"[27, 20, 12]",USD,86,12.040000000000001,organic
894,2022-05-16 15:59:48,120,4,[24],USD,99,21.78,ppc
895,2022-05-16 16:26:05,589,4,"[28, 12]",USD,79,17.38,ppc
896,2022-05-16 19:36:40,647,5,[40],USD,24,1.92,instagram
897,2022-05-16 20:16:29,813,4,"[14, 13, 12, 8]",USD,483,106.26,organic
898,2022-05-16 21:15:00,672,4,"[6, 12, 7]",USD,104,22.88,twitter
899,2022-05-16 23:35:40,502,4,[16],USD,120,26.4,ppc
900,2022-05-16 23:51:45,333,4,"[31, 4]",USD,55,12.1,organic
901,2022-05-17 02:43:12,88,4,"[14, 18]",USD,453,99.66,facebook
902,2022-05-17 05:22:33,899,4,"[38, 40, 14]",USD,499,109.78,instagram
903,2022-05-17 06:10:45,388,3,"[38, 14, 38]",USD,500,30.0,ppc
904,2022-05-17 06:52:20,388,4,"[24, 34, 33]",USD,139,30.580000000000002,ppc
905,2022-05-17 07:15:23,805,4,"[36, 37, 25]",USD,139,30.580000000000002,instagram
906,2022-05-17 10:28:09,904,3,[14],USD,450,27.0,instagram
907,2022-05-17 11:38:42,315,4,"[22, 6, 28, 22, 40]",USD,254,55.88,facebook
908,2022-05-17 12:11:16,164,3,[20],USD,17,1.02,direct
909,2022-05-17 14:38:36,178,3,"[22, 14, 18, 31, 11]",USD,623,37.379999999999995,ppc
910,2022-05-17 16:15:27,254,4,"[30, 19, 22]",USD,84,18.48,organic
911,2022-05-17 16:35:47,775,3,"[10, 2]",USD,290,17.4,ppc
912,2022-05-17 18:44:57,581,3,[22],USD,75,4.5,ppc
913,2022-05-17 21:55:49,241,4,"[25, 22, 32]",USD,269,59.18,ppc
914,2022-05-17 22:45:11,609,3,[40],USD,24,1.44,direct
915,2022-05-18 01:33:26,5,1,"[22, 25, 40]",USD,178,32.04,twitter
916,2022-05-18 02:59:45,822,4,"[3, 22]",USD,205,45.1,instagram
917,2022-05-18 03:30:33,22,3,[2],USD,250,15.0,facebook
918,2022-05-18 04:19:43,493,4,"[1, 37, 14, 32, 23]",USD,905,199.1,twitter
919,2022-05-18 09:12:36,176,6,[6],USD,5,0.7000000000000001,organic
920,2022-05-18 13:18:59,354,4,[24],USD,99,21.78,instagram
921,2022-05-18 13:40:18,13,4,"[23, 25]",USD,164,36.08,facebook
922,2022-05-18 19:30:11,318,1,[8],USD,25,4.5,ppc
923,2022-05-18 21:02:15,398,3,"[11, 30, 37]",USD,106,6.359999999999999,twitter
924,2022-05-18 21:29:51,71,3,[29],USD,30,1.7999999999999998,facebook
925,2022-05-19 04:20:50,399,4,[37],USD,30,6.6,facebook
926,2022-05-19 04:32:47,493,3,[15],USD,80,4.8,organic
927,2022-05-19 20:51:54,230,3,"[8, 33, 4]",USD,75,4.5,ppc
928,2022-05-19 21:50:47,143,4,[23],USD,85,18.7,instagram
929,2022-05-19 22:48:39,272,4,"[19, 12, 40]",USD,31,6.82,instagram
930,2022-05-20 03:51:16,182,4,[38],USD,25,5.5,twitter
931,2022-05-20 04:10:05,562,1,"[3, 33, 15]",USD,230,41.4,instagram
932,2022-05-20 08:23:40,829,3,"[23, 17]",USD,88,5.279999999999999,instagram
933,2022-05-20 09:06:40,248,6,"[28, 27]",USD,140,19.6,facebook
934,2022-05-20 14:58:08,708,1,"[12, 38, 17]",USD,32,5.76,organic
935,2022-05-20 15:15:35,427,5,"[14, 25, 27, 25]",USD,673,53.84,direct
936,2022-05-20 20:55:56,274,4,[5],USD,50,11.0,instagram
937,2022-05-20 21:04:43,127,5,"[22, 23, 22]",USD,235,18.8,organic
938,2022-05-20 22:31:21,595,6,[14],USD,450,63.00000000000001,instagram
939,2022-05-21 05:50:20,42,3,"[26, 36, 18]",USD,183,10.98,ppc
940,2022-05-21 06:42:22,235,4,"[18, 14, 37]",USD,483,106.26,direct
941,2022-05-21 14:37:58,79,3,"[22, 25]",USD,154,9.24,instagram
942,2022-05-21 14:49:33,868,2,"[31, 20, 17]",USD,45,6.300000000000001,facebook
943,2022-05-21 19:00:49,585,3,[31],USD,25,1.5,direct
944,2022-05-21 20:53:42,269,3,[2],USD,250,15.0,direct
945,2022-05-21 20:54:31,560,4,"[18, 24]",USD,102,22.44,instagram
946,2022-05-22 00:02:29,241,1,[36],USD,30,5.3999999999999995,facebook
947,2022-05-22 04:23:09,90,4,"[5, 26]",USD,200,44.0,organic
948,2022-05-22 06:43:35,389,4,"[5, 31]",USD,75,16.5,instagram
949,2022-05-22 09:50:43,57,3,"[31, 16]",USD,145,8.7,facebook
950,2022-05-22 12:42:40,936,2,"[25, 20, 17, 28]",USD,174,24.360000000000003,instagram
951,2022-05-22 19:15:14,169,3,"[28, 27]",USD,140,8.4,facebook
952,2022-05-22 21:34:36,899,3,"[28, 28]",USD,150,9.0,ppc
953,2022-05-23 00:13:55,615,2,"[26, 27]",USD,215,30.1,ppc
954,2022-05-23 01:29:54,127,2,"[26, 18, 22]",USD,228,31.92,twitter
955,2022-05-23 02:40:10,95,4,"[12, 22]",USD,79,17.38,ppc
956,2022-05-23 09:47:34,469,2,[39],USD,15,2.1,facebook
957,2022-05-23 19:43:37,696,5,[37],USD,30,2.4,ppc
958,2022-05-23 20:04:18,43,4,"[30, 22, 5]",USD,131,28.82,facebook
959,2022-05-23 21:16:56,401,4,[21],USD,54,11.88,ppc
960,2022-05-23 23:35:46,578,2,"[39, 16]",USD,135,18.900000000000002,organic
961,2022-05-24 00:10:52,607,5,[26],USD,150,12.0,facebook
962,2022-05-24 01:20:36,936,4,[12],USD,4,0.88,instagram
963,2022-05-24 06:10:25,555,2,"[23, 22, 26, 12]",USD,314,43.96,ppc
964,2022-05-24 11:10:13,933,4,"[33, 3]",USD,150,33.0,facebook
965,2022-05-24 13:23:30,486,3,[4],USD,30,1.7999999999999998,instagram
966,2022-05-24 17:22:09,340,4,[26],USD,150,33.0,instagram
967,2022-05-24 19:47:01,554,4,[14],USD,450,99.0,facebook
968,2022-05-24 23:03:58,660,5,"[40, 40, 18]",USD,51,4.08,ppc
969,2022-05-25 01:04:57,846,1,"[17, 21, 3]",USD,187,33.66,organic
970,2022-05-25 01:21:17,8,4,"[12, 36, 37, 1]",USD,289,63.58,ppc
971,2022-05-25 01:33:35,622,4,"[10, 26, 27]",USD,255,56.1,instagram
972,2022-05-25 02:36:15,121,4,"[23, 37, 17]",USD,118,25.96,instagram
973,2022-05-25 06:36:07,546,4,[19],USD,3,0.66,instagram
974,2022-05-25 08:50:55,747,4,[27],USD,65,14.3,organic
975,2022-05-25 10:10:58,637,5,"[4, 16, 9]",USD,210,16.8,organic
976,2022-05-25 17:44:03,882,4,"[21, 35]",USD,74,16.28,instagram
977,2022-05-27 06:11:08,778,4,"[21, 25]",USD,133,29.26,organic
978,2022-05-27 14:14:28,104,4,"[28, 25, 26, 18]",USD,307,67.54,direct
979,2022-05-28 12:19:32,916,2,"[36, 27, 20, 20, 14]",USD,579,81.06,direct
980,2022-05-28 21:43:15,651,4,"[40, 27]",USD,89,19.580000000000002,instagram
981,2022-05-29 01:07:55,850,6,"[22, 12]",USD,79,11.06,instagram
982,2022-05-29 02:27:28,905,4,"[25, 28, 26]",USD,304,66.88,facebook
983,2022-05-29 03:04:51,880,3,[18],USD,3,0.18,organic
984,2022-05-29 14:51:02,916,4,"[38, 18, 26, 25]",USD,257,56.54,instagram
985,2022-05-30 03:53:14,606,3,[39],USD,15,0.8999999999999999,twitter
986,2022-05-30 16:13:19,797,5,[12],USD,4,0.32,instagram
987,2022-05-30 16:16:00,94,5,"[28, 29, 17]",USD,108,8.64,instagram
988,2022-05-30 20:42:40,158,4,[18],USD,3,0.66,ppc
989,2022-05-31 07:36:35,290,2,[38],USD,25,3.5000000000000004,direct
