order_id,currency,ordered_product_skus,partner_id,referrer,timestamp,user_id
1,USD,"[5, 27]",3,ppc,2022-01-03 08:23:34,10
2,USD,[9],1,facebook,2022-01-05 08:22:10,13
3,USD,"[28, 7]",4,ppc,2022-01-09 22:17:32,24
4,USD,"[33, 37]",3,instagram,2022-01-09 23:32:02,25
5,USD,[17],4,ppc,2022-01-10 10:52:09,18
6,USD,"[28, 37, 13, 4, 29, 2]",4,direct,2022-01-11 03:36:42,41
7,USD,"[13, 17, 18, 27]",6,ppc,2022-01-11 22:06:56,25
8,USD,"[18, 27, 36, 6, 20]",5,ppc,2022-01-13 10:26:36,9
9,USD,"[40, 38]",1,organic,2022-01-13 19:34:34,84
10,USD,[29],4,instagram,2022-01-16 07:24:54,91
11,USD,"[35, 23, 13]",3,facebook,2022-01-16 08:53:45,59
12,USD,"[35, 20, 20]",1,instagram,2022-01-17 12:09:25,99
13,USD,"[7, 28]",4,facebook,2022-01-17 23:20:11,56
14,USD,"[38, 35, 21]",4,instagram,2022-01-18 02:40:45,88
15,USD,"[38, 9]",1,ppc,2022-01-18 05:04:03,5
16,USD,[9],3,instagram,2022-01-18 18:04:32,80
17,USD,"[24, 12, 31]",4,instagram,2022-01-18 19:48:21,89
18,USD,"[3, 16, 26]",2,organic,2022-01-18 22:41:49,48
19,USD,[29],3,instagram,2022-01-18 23:00:03,3
20,USD,[14],4,facebook,2022-01-19 00:38:28,37
21,USD,"[30, 19, 28, 38]",3,ppc,2022-01-19 10:28:49,100
22,USD,"[2, 21, 19, 8]",3,direct,2022-01-19 21:27:18,56
23,USD,"[35, 27]",4,instagram,2022-01-20 03:55:07,46
24,USD,[19],4,ppc,2022-01-20 03:55:34,57
25,USD,"[6, 40, 38, 35, 29]",4,ppc,2022-01-20 15:24:52,19
26,USD,"[19, 36]",3,ppc,2022-01-20 17:49:16,51
27,USD,"[35, 33, 30]",5,organic,2022-01-20 19:38:32,24
28,USD,"[18, 36, 10, 30]",4,facebook,2022-01-21 07:12:35,14
29,USD,"[13, 20, 2]",4,direct,2022-01-21 17:34:16,73
30,USD,"[23, 14, 6, 19]",4,instagram,2022-01-22 02:18:03,131
31,USD,"[27, 35, 19]",4,ppc,2022-01-22 18:44:13,13
32,USD,"[17, 39]",4,ppc,2022-01-22 23:56:59,51
33,USD,"[3, 19]",3,facebook,2022-01-23 00:12:35,139
34,USD,"[18, 15, 6]",4,ppc,2022-01-23 01:06:22,62
35,USD,"[35, 36]",5,facebook,2022-01-23 04:00:56,117
36,USD,[15],4,organic,2022-01-23 04:11:51,46
37,USD,[17],4,instagram,2022-01-23 05:08:56,139
38,USD,"[14, 26, 32]",4,instagram,2022-01-23 07:40:03,116
39,USD,"[33, 28, 20]",3,instagram,2022-01-23 08:20:45,92
40,USD,[29],3,instagram,2022-01-23 19:10:16,18
41,USD,"[27, 15]",5,instagram,2022-01-23 20:19:22,66
42,USD,[17],5,organic,2022-01-24 02:28:11,84
43,USD,"[34, 20, 12, 32, 28]",5,ppc,2022-01-24 03:11:28,100
44,USD,[18],3,facebook,2022-01-24 03:12:27,44
45,USD,"[40, 30, 13]",2,instagram,2022-01-24 05:15:08,10
46,USD,[29],4,instagram,2022-01-24 08:32:55,23
47,USD,[36],4,instagram,2022-01-24 14:18:01,19
48,USD,[32],6,instagram,2022-01-24 17:27:38,17
49,USD,[11],4,instagram,2022-01-24 19:17:05,24
50,USD,"[17, 13]",3,facebook,2022-01-24 21:03:03,117
51,USD,[6],2,organic,2022-01-25 04:20:43,11
52,USD,[9],5,instagram,2022-01-25 06:20:33,30
53,USD,"[33, 9]",4,ppc,2022-01-25 06:26:31,61
54,USD,"[6, 20, 18]",4,instagram,2022-01-25 06:46:33,26
55,USD,"[35, 28]",3,ppc,2022-01-25 14:25:31,140
56,USD,"[19, 9, 37, 37, 38]",6,instagram,2022-01-25 14:41:04,145
57,USD,"[38, 21]",6,organic,2022-01-26 01:10:00,155
58,USD,"[38, 18, 32, 35]",4,instagram,2022-01-26 01:18:15,34
59,USD,[23],3,facebook,2022-01-26 01:18:30,107
60,USD,[31],4,instagram,2022-01-26 02:39:15,147
61,USD,[14],4,instagram,2022-01-26 05:59:15,59
62,USD,"[16, 21]",4,organic,2022-01-26 06:50:42,130
63,USD,"[34, 5, 12]",4,facebook,2022-01-26 08:31:09,20
64,USD,"[7, 33, 28]",3,ppc,2022-01-26 12:26:06,48
65,USD,[36],3,ppc,2022-01-26 16:48:54,79
66,USD,[24],4,direct,2022-01-26 21:00:26,164
67,USD,[34],3,facebook,2022-01-27 02:03:13,154
68,USD,[13],3,instagram,2022-01-27 07:50:31,25
69,USD,[33],5,organic,2022-01-27 08:51:57,14
70,USD,"[26, 28]",6,direct,2022-01-27 10:03:39,147
71,USD,[30],2,instagram,2022-01-27 12:34:11,76
72,USD,"[22, 2, 36, 9, 22, 18]",4,ppc,2022-01-27 17:22:31,42
73,USD,"[36, 31, 13, 40]",3,facebook,2022-01-27 23:53:23,79
74,USD,"[24, 17, 33, 18]",4,organic,2022-01-28 03:25:31,65
75,USD,[24],4,organic,2022-01-28 07:10:47,106
76,USD,"[21, 19, 20, 6]",4,facebook,2022-01-28 09:11:48,148
77,USD,"[36, 20]",4,organic,2022-01-28 10:15:43,32
78,USD,[21],4,instagram,2022-01-28 13:00:26,150
79,USD,[37],5,instagram,2022-01-28 14:00:05,130
80,USD,"[12, 13, 6]",6,instagram,2022-01-28 16:58:30,162
81,USD,"[7, 40]",5,facebook,2022-01-28 20:13:40,50
82,USD,"[6, 19]",4,direct,2022-01-29 02:12:45,48
83,USD,[5],4,instagram,2022-01-29 04:17:17,9
84,USD,"[13, 6, 12]",4,twitter,2022-01-29 08:46:23,149
85,USD,"[12, 34]",4,facebook,2022-01-29 16:53:09,102
86,USD,"[12, 36, 35, 26, 38]",4,facebook,2022-01-29 19:27:04,99
87,USD,[18],3,facebook,2022-01-30 00:02:34,28
88,USD,[2],3,facebook,2022-01-30 01:04:28,65
89,USD,[12],6,organic,2022-01-30 02:21:47,164
90,USD,[5],5,twitter,2022-01-30 06:53:58,131
91,USD,"[26, 10, 12, 17]",4,facebook,2022-01-30 12:24:12,147
92,USD,[36],5,instagram,2022-01-30 20:41:34,82
93,USD,[35],4,facebook,2022-01-31 06:18:35,169
94,USD,[23],6,ppc,2022-01-31 09:30:03,158
95,USD,[29],3,direct,2022-02-01 00:03:48,156
96,USD,[7],4,instagram,2022-02-01 06:49:48,111
97,USD,"[36, 11, 39, 34, 14]",4,instagram,2022-02-01 08:17:38,88
98,USD,"[29, 19, 5]",4,ppc,2022-02-01 16:24:27,133
99,USD,"[34, 19]",5,facebook,2022-02-01 16:41:08,148
100,USD,"[12, 38]",4,ppc,2022-02-01 18:39:49,79
101,USD,[26],3,ppc,2022-02-01 19:36:08,133
102,USD,"[17, 21]",3,instagram,2022-02-01 23:45:13,53
103,USD,"[35, 4, 36, 28, 35]",4,ppc,2022-02-02 00:06:37,112
104,USD,[31],3,organic,2022-02-02 04:38:52,16
105,USD,"[31, 18]",4,organic,2022-02-02 05:08:34,186
106,USD,"[19, 7]",3,organic,2022-02-02 07:38:31,102
107,USD,"[27, 16, 17, 13]",5,ppc,2022-02-02 08:17:52,159
108,USD,[31],2,direct,2022-02-02 11:15:48,180
109,USD,[17],1,ppc,2022-02-02 12:03:07,119
110,USD,[34],5,instagram,2022-02-02 13:56:52,165
111,USD,[33],4,ppc,2022-02-02 15:56:12,149
112,USD,"[33, 30]",4,facebook,2022-02-02 21:34:20,133
113,USD,"[8, 5, 28]",4,ppc,2022-02-03 02:42:01,156
114,USD,"[20, 27, 19, 40, 29]",6,facebook,2022-02-03 05:15:45,113
115,USD,[7],4,facebook,2022-02-03 16:59:23,97
116,USD,"[33, 30, 32]",2,twitter,2022-02-03 18:31:23,62
117,USD,"[12, 39, 4]",4,instagram,2022-02-03 20:49:29,130
118,USD,[32],4,ppc,2022-02-03 21:13:10,96
119,USD,"[38, 3, 30]",4,direct,2022-02-03 23:27:26,107
120,USD,[33],4,direct,2022-02-03 23:39:30,129
121,USD,"[18, 33]",5,facebook,2022-02-04 09:14:49,64
122,USD,"[38, 2]",4,instagram,2022-02-04 09:54:41,40
123,USD,"[30, 27, 38]",5,ppc,2022-02-04 09:59:14,8
124,USD,[39],5,facebook,2022-02-04 16:01:29,196
125,USD,"[18, 36, 3, 17, 13]",4,instagram,2022-02-04 16:22:56,209
126,USD,"[4, 36, 35, 13]",4,facebook,2022-02-04 18:26:44,141
127,USD,[38],3,instagram,2022-02-05 04:06:48,219
128,USD,"[22, 2]",4,organic,2022-02-05 09:10:46,23
129,USD,[1],3,instagram,2022-02-05 19:34:35,160
130,USD,"[29, 38, 16]",4,organic,2022-02-06 03:31:13,185
131,USD,"[20, 27]",3,instagram,2022-02-06 13:23:41,143
132,USD,[4],6,instagram,2022-02-06 20:28:26,172
133,USD,[26],3,facebook,2022-02-07 06:45:15,162
134,USD,"[20, 27]",4,facebook,2022-02-07 18:53:51,119
135,USD,"[21, 10]",2,instagram,2022-02-08 00:29:20,120
136,USD,"[21, 36]",5,direct,2022-02-08 03:40:26,119
137,USD,"[21, 11]",3,direct,2022-02-08 04:19:45,96
138,USD,"[30, 26, 4, 2]",2,instagram,2022-02-08 04:31:42,34
139,USD,[5],4,facebook,2022-02-08 06:55:51,94
140,USD,"[40, 40, 13, 30, 25, 13]",5,ppc,2022-02-09 01:13:03,219
141,USD,"[36, 19]",4,ppc,2022-02-09 07:55:27,235
142,USD,[25],4,ppc,2022-02-09 22:08:40,221
143,USD,"[3, 39]",4,ppc,2022-02-11 16:40:00,14
144,USD,[27],3,instagram,2022-02-11 20:04:56,161
145,USD,"[8, 17]",3,organic,2022-02-12 04:15:24,249
146,USD,"[33, 24, 18]",4,ppc,2022-02-12 14:08:24,257
147,USD,"[20, 26]",3,instagram,2022-02-12 16:04:10,154
148,USD,[37],3,ppc,2022-02-13 01:02:35,188
149,USD,[7],5,ppc,2022-02-13 19:29:59,66
150,USD,"[12, 33]",3,organic,2022-02-14 11:48:13,161
151,USD,"[28, 17]",5,ppc,2022-02-17 00:28:24,205
152,USD,"[30, 19, 7, 17, 32, 28]",4,facebook,2022-02-17 23:23:52,84
153,USD,"[20, 28, 15, 33]",4,instagram,2022-02-20 10:03:57,81
154,USD,"[36, 28, 18, 2]",4,organic,2022-02-21 09:27:41,5
155,USD,"[2, 23]",3,facebook,2022-02-21 12:25:10,251
156,USD,[30],4,direct,2022-02-23 13:05:14,121
157,USD,[6],4,direct,2022-02-23 13:32:13,58
158,USD,"[2, 7]",4,facebook,2022-02-23 18:14:03,298
159,USD,"[7, 27, 37]",3,instagram,2022-02-23 23:11:21,173
160,USD,[18],3,instagram,2022-02-25 13:38:48,160
161,USD,"[12, 28, 30, 17]",4,instagram,2022-02-25 16:40:03,209
162,USD,"[7, 34]",4,ppc,2022-02-26 10:47:54,215
163,USD,"[7, 17, 2]",3,ppc,2022-02-27 06:32:29,95
164,USD,"[36, 38, 32, 18, 6]",4,instagram,2022-02-27 17:21:25,251
165,USD,[32],3,ppc,2022-02-28 12:25:32,51
166,USD,[26],4,instagram,2022-03-01 10:18:58,267
167,USD,"[24, 8]",5,facebook,2022-03-02 01:02:50,24
168,USD,"[17, 37, 12]",4,ppc,2022-03-03 23:19:12,370
169,USD,"[36, 20]",4,facebook,2022-03-04 04:26:50,174
170,USD,[21],4,facebook,2022-03-07 04:30:03,329
171,USD,[40],4,ppc,2022-03-07 11:25:30,199
172,USD,"[9, 29]",5,ppc,2022-03-07 11:58:48,396
173,USD,[11],4,ppc,2022-03-08 15:36:45,158
174,USD,"[29, 27, 35, 30]",5,facebook,2022-03-09 01:47:44,7
175,USD,"[17, 19, 28]",4,instagram,2022-03-12 02:42:09,137
176,USD,"[34, 17, 12, 20, 4]",5,direct,2022-03-12 08:29:45,252
177,USD,"[6, 2, 20, 13]",4,ppc,2022-03-12 21:55:53,355
178,USD,"[24, 18]",1,ppc,2022-03-13 08:06:27,42
179,USD,"[5, 22]",3,ppc,2022-03-13 18:25:31,96
180,USD,"[15, 13, 37, 7, 18, 25]",3,instagram,2022-03-13 18:35:47,122
181,USD,"[19, 27, 27, 33, 27]",1,instagram,2022-03-13 19:14:58,420
182,USD,"[7, 36, 37, 30, 26]",5,instagram,2022-03-14 03:38:34,430
183,USD,"[37, 17]",5,organic,2022-03-16 15:06:23,119
184,USD,[20],3,instagram,2022-03-17 00:26:14,429
185,USD,"[29, 7, 25]",5,facebook,2022-03-17 11:15:50,323
186,USD,"[39, 28]",4,ppc,2022-03-20 05:58:17,313
187,USD,"[28, 26]",3,instagram,2022-03-21 02:13:09,232
188,USD,[31],5,organic,2022-03-22 16:58:18,36
189,USD,"[27, 29, 36, 20, 20]",4,instagram,2022-03-23 08:18:06,91
190,USD,"[12, 18, 7, 17, 13]",4,ppc,2022-03-23 15:55:28,24
191,USD,"[28, 12, 29]",3,ppc,2022-03-24 17:49:34,149
192,USD,"[6, 20]",3,direct,2022-03-25 00:19:33,470
193,USD,"[20, 17, 35, 29, 13, 33]",3,ppc,2022-03-25 03:03:02,345
194,USD,"[37, 13]",5,instagram,2022-03-26 06:21:22,33
195,USD,"[6, 30]",3,organic,2022-03-26 09:23:59,65
196,USD,"[29, 2, 38, 12, 19, 8]",3,instagram,2022-03-28 10:52:02,212
197,USD,"[19, 1, 15]",3,ppc,2022-03-29 12:06:58,166
198,USD,"[34, 38, 36]",1,organic,2022-03-29 20:32:08,585
199,USD,"[29, 13]",4,instagram,2022-03-30 18:08:57,297
200,USD,"[3, 12]",5,facebook,2022-03-30 18:53:13,87
201,USD,"[28, 3, 36, 5]",4,facebook,2022-03-31 04:46:10,343
202,USD,[7],4,facebook,2022-04-02 02:19:40,265
203,USD,[35],4,facebook,2022-04-02 10:52:51,340
204,USD,[29],5,ppc,2022-04-02 21:40:36,597
205,USD,[23],4,organic,2022-04-03 06:50:37,466
206,USD,"[11, 2, 14]",4,direct,2022-04-03 11:02:02,561
207,USD,[16],4,facebook,2022-04-03 11:14:50,81
208,USD,"[19, 27, 36, 39]",6,instagram,2022-04-03 13:50:31,107
209,USD,"[38, 5, 27]",4,organic,2022-04-03 14:09:49,523
210,USD,"[37, 34]",3,instagram,2022-04-03 23:39:41,500
211,USD,[20],1,instagram,2022-04-04 14:31:17,30
212,USD,"[16, 17, 27]",3,instagram,2022-04-04 16:58:33,211
213,USD,"[21, 30, 35]",4,direct,2022-04-05 03:43:00,475
214,USD,"[36, 18, 10]",4,instagram,2022-04-05 13:38:24,113
215,USD,[13],4,facebook,2022-04-05 21:13:51,327
216,USD,[23],1,instagram,2022-04-05 22:49:25,587
217,USD,[10],3,facebook,2022-04-06 06:15:22,71
218,USD,[27],3,ppc,2022-04-07 11:27:16,80
219,USD,"[27, 17, 29, 24, 29]",4,instagram,2022-04-08 02:19:23,513
220,USD,[31],4,instagram,2022-04-08 07:58:08,597
221,USD,"[33, 35, 28, 7]",4,ppc,2022-04-09 00:44:23,279
222,USD,[40],3,facebook,2022-04-10 03:16:46,226
223,USD,"[22, 6, 36, 19]",5,ppc,2022-04-10 05:03:54,235
224,USD,"[26, 18, 13]",2,facebook,2022-04-10 12:20:40,299
225,USD,"[11, 10]",3,ppc,2022-04-10 13:41:04,130
226,USD,[11],3,facebook,2022-04-10 23:21:17,399
227,USD,"[29, 11]",4,instagram,2022-04-10 23:28:15,460
228,USD,"[20, 34, 2]",3,ppc,2022-04-11 15:12:17,392
229,USD,[10],3,instagram,2022-04-11 22:54:39,114
230,USD,"[16, 33]",4,instagram,2022-04-12 01:20:56,351
231,USD,[29],4,facebook,2022-04-12 04:26:22,271
232,USD,"[27, 6, 27]",4,instagram,2022-04-12 16:37:31,407
233,USD,[30],5,facebook,2022-04-13 03:25:48,314
234,USD,"[30, 29, 27]",4,facebook,2022-04-13 11:15:09,604
235,USD,"[21, 26, 38, 38, 7, 33]",3,facebook,2022-04-13 15:31:33,404
236,USD,[40],3,ppc,2022-04-13 22:48:03,612
237,USD,"[20, 23]",3,facebook,2022-04-13 23:44:52,188
238,USD,"[33, 1, 9]",3,ppc,2022-04-14 05:19:59,596
239,USD,"[29, 7]",4,instagram,2022-04-14 16:36:42,367
240,USD,"[18, 15, 16]",4,ppc,2022-04-14 19:52:34,43
241,USD,"[3, 33, 21]",4,ppc,2022-04-15 04:17:39,507
242,USD,[8],3,ppc,2022-04-15 05:43:09,302
243,USD,"[15, 25]",4,facebook,2022-04-15 10:10:26,530
244,USD,[21],3,organic,2022-04-15 16:22:45,125
245,USD,"[29, 26, 1, 30]",4,twitter,2022-04-15 22:56:18,564
246,USD,"[10, 2]",4,ppc,2022-04-16 08:11:39,76
247,USD,[26],3,direct,2022-04-16 11:55:41,442
248,USD,[22],2,ppc,2022-04-16 12:37:40,24
249,USD,[23],3,ppc,2022-04-16 15:15:02,386
250,USD,"[14, 13, 29]",4,ppc,2022-04-16 15:47:13,570
251,USD,"[30, 2, 30, 2]",6,instagram,2022-04-16 19:12:23,568
252,USD,"[28, 30, 20]",5,instagram,2022-04-16 19:34:56,243
253,USD,"[18, 19]",3,organic,2022-04-17 01:50:12,306
254,USD,"[19, 25, 28, 36, 29]",3,instagram,2022-04-17 05:37:53,486
255,USD,[2],3,instagram,2022-04-17 06:27:50,115
256,USD,[14],2,direct,2022-04-17 09:01:10,128
257,USD,"[21, 6, 23, 36]",1,twitter,2022-04-17 09:29:23,514
258,USD,"[7, 7, 25]",1,ppc,2022-04-17 10:23:44,93
259,USD,[28],4,organic,2022-04-17 11:15:49,269
260,USD,"[6, 27, 34]",2,instagram,2022-04-17 11:42:30,598
261,USD,"[7, 33, 19, 10]",3,ppc,2022-04-17 13:14:13,645
262,USD,"[21, 15, 28]",6,instagram,2022-04-17 14:43:08,587
263,USD,"[38, 26]",4,organic,2022-04-17 15:19:22,323
264,USD,"[36, 34, 38]",3,facebook,2022-04-18 09:23:34,148
265,USD,"[26, 34]",3,facebook,2022-04-18 20:40:08,113
266,USD,"[30, 19]",6,facebook,2022-04-19 01:37:26,645
267,USD,"[16, 19, 5, 28, 17]",3,ppc,2022-04-19 07:16:07,272
268,USD,"[39, 6, 13]",4,direct,2022-04-19 09:13:25,679
269,USD,"[27, 38, 6]",1,facebook,2022-04-19 09:18:54,115
270,USD,"[19, 22]",5,facebook,2022-04-19 13:43:25,349
271,USD,[1],4,ppc,2022-04-19 13:47:05,306
272,USD,[22],3,organic,2022-04-19 14:35:18,618
273,USD,[28],1,ppc,2022-04-19 18:50:51,277
274,USD,"[19, 13, 12, 27]",3,instagram,2022-04-20 02:09:56,270
275,USD,[14],4,ppc,2022-04-20 03:18:51,213
276,USD,"[5, 37, 17]",4,ppc,2022-04-20 03:51:32,730
277,USD,"[21, 20, 34]",4,facebook,2022-04-20 05:16:47,372
278,USD,"[40, 38]",5,ppc,2022-04-20 11:36:28,291
279,USD,"[13, 30]",2,facebook,2022-04-20 15:44:09,4
280,USD,[13],4,ppc,2022-04-20 16:51:56,701
281,USD,"[30, 6, 27, 19, 12, 35]",4,facebook,2022-04-20 19:08:20,554
282,USD,"[27, 26, 34]",3,instagram,2022-04-21 00:03:58,301
283,USD,[20],3,ppc,2022-04-21 11:49:13,475
284,USD,"[26, 35, 9, 15]",5,ppc,2022-04-21 15:43:06,275
285,USD,"[18, 35, 33, 21]",3,ppc,2022-04-21 16:32:24,427
286,USD,[22],6,facebook,2022-04-21 19:04:15,361
287,USD,"[30, 37]",3,facebook,2022-04-21 20:33:33,509
288,USD,[5],6,facebook,2022-04-21 22:55:43,709
289,USD,"[11, 12]",3,direct,2022-04-22 00:24:01,344
290,USD,"[36, 32, 2, 18, 19]",5,ppc,2022-04-22 03:12:28,159
291,USD,"[29, 19]",5,ppc,2022-04-22 03:59:46,705
292,USD,"[4, 26, 19, 18]",5,ppc,2022-04-22 04:20:57,354
293,USD,"[7, 13]",4,organic,2022-04-22 08:19:50,304
294,USD,"[13, 40]",5,twitter,2022-04-22 10:33:09,49
295,USD,"[18, 28]",3,ppc,2022-04-22 13:14:09,182
296,USD,"[13, 20, 23]",4,direct,2022-04-22 13:55:06,554
297,USD,[22],3,instagram,2022-04-22 14:22:05,41
298,USD,"[28, 33, 28, 13]",1,direct,2022-04-22 14:31:24,680
299,USD,"[12, 20, 5, 19]",3,instagram,2022-04-22 16:58:35,638
300,USD,[17],4,ppc,2022-04-23 03:23:30,690
301,USD,"[27, 6]",1,instagram,2022-04-23 05:08:55,35
302,USD,"[21, 6, 30]",4,facebook,2022-04-23 06:15:56,473
303,USD,"[33, 26, 33]",3,facebook,2022-04-23 12:12:57,572
304,USD,"[21, 29, 5, 40]",4,ppc,2022-04-23 14:44:23,602
305,USD,"[21, 34, 13]",5,ppc,2022-04-23 17:42:47,602
306,USD,"[37, 6, 29, 35]",4,instagram,2022-04-23 19:45:33,432
307,USD,"[33, 5, 23]",5,facebook,2022-04-23 20:54:42,99
308,USD,"[7, 16, 35, 9, 31]",3,ppc,2022-04-23 20:56:33,390
309,USD,"[33, 18, 12, 12, 3]",5,facebook,2022-04-24 02:21:17,497
310,USD,[40],4,twitter,2022-04-24 02:38:07,439
311,USD,[17],4,ppc,2022-04-24 04:47:21,636
312,USD,"[5, 34, 28, 2]",4,instagram,2022-04-24 10:56:11,64
313,USD,"[19, 5]",3,instagram,2022-04-24 11:25:52,653
314,USD,"[26, 26, 12, 20]",3,direct,2022-04-24 11:50:30,720
315,USD,[13],1,instagram,2022-04-24 13:12:10,713
316,USD,[30],5,facebook,2022-04-24 19:31:22,655
317,USD,[10],2,ppc,2022-04-24 21:27:56,490
318,USD,"[15, 35, 3, 9, 9]",6,facebook,2022-04-24 21:55:34,44
319,USD,"[29, 6]",1,ppc,2022-04-24 21:57:24,562
320,USD,"[11, 36]",3,organic,2022-04-25 01:42:55,702
321,USD,[31],3,organic,2022-04-25 03:05:06,135
322,USD,"[34, 12, 18]",3,ppc,2022-04-25 03:25:33,505
323,USD,"[28, 22, 1, 1]",3,instagram,2022-04-25 04:25:42,329
324,USD,"[16, 2]",4,ppc,2022-04-25 05:31:40,555
325,USD,"[36, 29]",5,organic,2022-04-25 09:03:38,724
326,USD,[37],6,instagram,2022-04-25 09:18:20,482
327,USD,[30],3,instagram,2022-04-25 09:29:08,148
328,USD,[16],2,facebook,2022-04-25 09:59:32,508
329,USD,"[22, 29, 22, 12, 19, 17]",5,instagram,2022-04-25 13:32:46,521
330,USD,[12],4,direct,2022-04-25 16:54:18,587
331,USD,"[18, 13]",4,ppc,2022-04-26 00:46:18,434
332,USD,[38],1,facebook,2022-04-26 02:45:56,129
333,USD,"[38, 34]",4,facebook,2022-04-26 04:34:18,224
334,USD,[15],3,ppc,2022-04-26 12:47:55,25
335,USD,"[1, 38]",6,facebook,2022-04-26 13:41:43,709
336,USD,"[18, 1, 27, 2, 13]",3,ppc,2022-04-26 14:35:19,369
337,USD,"[5, 36, 36, 21]",4,ppc,2022-04-26 15:23:22,100
338,USD,"[21, 12, 6, 28]",3,direct,2022-04-26 17:47:02,346
339,USD,"[17, 33, 20, 27]",3,facebook,2022-04-26 21:49:38,229
340,USD,"[7, 23]",4,instagram,2022-04-26 22:49:52,766
341,USD,[5],4,organic,2022-04-27 04:30:28,599
342,USD,[25],5,ppc,2022-04-27 06:37:52,261
343,USD,"[28, 12]",3,facebook,2022-04-27 07:55:11,382
344,USD,"[19, 30, 37]",4,instagram,2022-04-27 11:47:30,453
345,USD,"[29, 21, 34]",6,instagram,2022-04-27 14:04:53,726
346,USD,"[34, 37, 38, 34]",6,instagram,2022-04-27 15:04:52,113
347,USD,"[28, 22]",3,facebook,2022-04-27 15:18:12,134
348,USD,[15],3,facebook,2022-04-27 17:26:44,627
349,USD,"[18, 20, 13]",3,instagram,2022-04-27 19:11:39,113
350,USD,[20],5,instagram,2022-04-27 19:14:38,280
351,USD,"[27, 27]",3,instagram,2022-04-27 19:28:38,38
352,USD,"[13, 19, 20, 13]",3,instagram,2022-04-27 21:09:47,768
353,USD,"[30, 38, 19, 7]",4,organic,2022-04-27 23:59:37,96
354,USD,"[20, 22, 7, 7, 29]",5,instagram,2022-04-28 00:38:44,230
355,USD,[36],4,ppc,2022-04-28 01:06:07,322
356,USD,"[16, 3]",3,organic,2022-04-28 01:38:20,263
357,USD,[4],4,organic,2022-04-28 02:18:02,92
358,USD,"[20, 39, 39]",5,organic,2022-04-28 04:32:14,479
359,USD,"[20, 40]",4,instagram,2022-04-28 04:39:23,508
360,USD,"[9, 2]",4,instagram,2022-04-28 05:04:48,362
361,USD,"[2, 18]",3,instagram,2022-04-28 07:47:19,668
362,USD,[8],5,instagram,2022-04-28 08:08:25,23
363,USD,"[13, 35, 29, 26]",6,ppc,2022-04-28 08:40:39,749
364,USD,"[38, 16, 8]",3,instagram,2022-04-28 08:42:05,98
365,USD,[39],6,instagram,2022-04-28 10:41:47,258
366,USD,"[13, 38, 40, 30]",5,direct,2022-04-28 13:02:32,768
367,USD,[22],4,facebook,2022-04-28 15:39:49,613
368,USD,"[14, 23]",4,ppc,2022-04-28 16:01:31,750
369,USD,"[23, 12, 6]",3,facebook,2022-04-28 16:33:49,271
370,USD,"[27, 17, 14, 3, 37]",3,ppc,2022-04-28 17:53:49,93
371,USD,"[30, 32, 7, 17, 34]",3,ppc,2022-04-28 21:02:39,109
372,USD,"[35, 36]",4,facebook,2022-04-28 22:34:51,748
373,USD,"[30, 18, 2]",5,facebook,2022-04-28 23:11:57,658
374,USD,"[10, 33, 37]",3,direct,2022-04-28 23:57:38,613
375,USD,"[20, 27, 17]",4,ppc,2022-04-29 00:59:19,650
376,USD,[39],4,organic,2022-04-29 05:16:54,338
377,USD,[27],4,instagram,2022-04-29 07:25:28,391
378,USD,"[39, 10]",4,ppc,2022-04-29 07:29:54,49
379,USD,[9],4,instagram,2022-04-29 07:32:33,779
380,USD,"[19, 40, 27, 26, 16]",4,facebook,2022-04-29 07:40:08,404
381,USD,"[34, 20, 38, 33]",6,direct,2022-04-29 08:18:46,185
382,USD,[20],4,facebook,2022-04-29 13:05:49,523
383,USD,"[13, 12, 36, 17]",3,instagram,2022-04-29 13:13:44,111
384,USD,[10],4,ppc,2022-04-29 14:23:26,644
385,USD,"[26, 36, 30]",3,organic,2022-04-29 15:00:42,524
386,USD,"[20, 33]",2,direct,2022-04-29 15:24:06,32
387,USD,"[33, 19, 20, 22, 12]",6,facebook,2022-04-29 15:25:59,7
388,USD,"[12, 13, 36, 19, 27]",5,instagram,2022-04-29 15:34:36,157
389,USD,[39],6,direct,2022-04-29 16:05:40,699
390,USD,"[29, 31, 20]",2,ppc,2022-04-29 21:33:54,744
391,USD,"[30, 17, 19]",4,instagram,2022-04-29 22:03:14,65
392,USD,[22],3,instagram,2022-04-29 22:45:49,668
393,USD,[6],5,organic,2022-04-30 00:51:15,266
394,USD,"[28, 4, 2]",4,instagram,2022-04-30 04:48:37,662
395,USD,"[12, 36]",3,ppc,2022-04-30 05:58:27,305
396,USD,[29],4,ppc,2022-04-30 08:51:20,615
397,USD,"[17, 20, 29]",4,ppc,2022-04-30 09:35:39,167
398,USD,[20],4,facebook,2022-04-30 10:25:27,144
399,USD,[9],3,instagram,2022-04-30 11:28:35,372
400,USD,[21],6,instagram,2022-04-30 11:49:59,330
401,USD,[13],1,instagram,2022-04-30 12:32:28,352
402,USD,[3],4,instagram,2022-04-30 14:44:39,624
403,USD,[33],4,ppc,2022-04-30 15:40:17,93
404,USD,[22],6,organic,2022-04-30 16:07:47,281
405,USD,"[13, 30, 7]",4,facebook,2022-04-30 16:33:46,627
406,USD,[13],3,instagram,2022-04-30 17:13:30,720
407,USD,"[29, 38, 20, 34]",4,instagram,2022-04-30 17:59:18,49
408,USD,"[6, 2, 35]",4,instagram,2022-04-30 19:30:36,169
409,USD,"[38, 6]",1,ppc,2022-04-30 22:55:12,184
410,USD,"[39, 37]",4,ppc,2022-04-30 23:37:58,397
411,USD,"[39, 13, 39]",4,direct,2022-05-01 00:26:23,135
412,USD,"[4, 5]",3,instagram,2022-05-01 00:26:41,1
413,USD,[6],4,direct,2022-05-01 00:38:29,768
414,USD,"[30, 29, 24, 18]",5,organic,2022-05-01 01:58:11,470
415,USD,"[35, 19]",4,ppc,2022-05-01 03:38:32,527
416,USD,"[6, 21]",3,ppc,2022-05-01 04:39:44,523
417,USD,"[21, 38]",4,instagram,2022-05-01 05:45:50,263
418,USD,"[31, 39]",1,instagram,2022-05-01 06:22:43,136
419,USD,[39],3,twitter,2022-05-01 06:50:28,314
420,USD,"[29, 23, 6, 17]",3,instagram,2022-05-01 06:55:03,38
421,USD,"[27, 30, 26]",4,ppc,2022-05-01 07:24:17,82
422,USD,"[28, 10]",4,instagram,2022-05-01 07:24:50,493
423,USD,[7],6,organic,2022-05-01 09:25:06,365
424,USD,[8],4,direct,2022-05-01 09:51:01,597
425,USD,[21],4,facebook,2022-05-01 09:59:08,579
426,USD,"[36, 14]",4,instagram,2022-05-01 10:29:24,352
427,USD,"[25, 35, 34, 30, 24]",5,ppc,2022-05-01 10:42:25,349
428,USD,[28],4,organic,2022-05-01 12:07:09,610
429,USD,"[15, 2, 28, 16, 30]",5,instagram,2022-05-01 12:07:10,98
430,USD,"[11, 36]",5,facebook,2022-05-01 12:20:34,30
431,USD,[39],3,organic,2022-05-01 12:36:49,478
432,USD,"[19, 18]",4,organic,2022-05-01 12:50:17,476
433,USD,"[19, 14]",6,instagram,2022-05-01 13:49:35,373
434,USD,"[35, 31]",3,instagram,2022-05-01 14:05:27,763
435,USD,"[27, 16]",3,facebook,2022-05-01 14:11:27,18
436,USD,"[28, 30, 19]",4,direct,2022-05-01 14:12:23,769
437,USD,[28],3,instagram,2022-05-01 16:30:55,714
438,USD,"[12, 20]",3,twitter,2022-05-01 16:50:07,18
439,USD,[30],3,organic,2022-05-01 18:03:06,473
440,USD,"[13, 30]",3,facebook,2022-05-01 18:28:33,100
441,USD,"[13, 4, 35]",4,ppc,2022-05-01 19:24:16,748
442,USD,"[13, 36, 29]",3,ppc,2022-05-01 19:34:41,659
443,USD,"[33, 18]",3,ppc,2022-05-01 20:34:53,795
444,USD,[11],4,ppc,2022-05-01 21:24:43,227
445,USD,"[28, 20, 6]",5,instagram,2022-05-01 21:36:39,267
446,USD,"[13, 18]",6,instagram,2022-05-01 22:00:13,5
447,USD,[3],4,instagram,2022-05-01 22:35:21,163
448,USD,"[33, 37, 13, 18, 38]",3,direct,2022-05-01 23:01:49,183
449,USD,"[34, 28]",6,instagram,2022-05-01 23:11:16,476
450,USD,"[7, 28]",4,instagram,2022-05-01 23:47:21,384
451,USD,[25],5,direct,2022-05-01 23:49:19,551
452,USD,[27],4,ppc,2022-05-01 23:50:07,141
453,USD,[21],3,facebook,2022-05-01 23:58:42,138
454,USD,[7],5,instagram,2022-05-02 02:23:16,14
455,USD,"[34, 1, 20]",3,ppc,2022-05-02 03:36:40,373
456,USD,[14],4,organic,2022-05-02 03:36:50,105
457,USD,"[17, 14, 39]",4,instagram,2022-05-02 04:12:45,297
458,USD,[19],4,ppc,2022-05-02 05:12:38,234
459,USD,"[12, 31]",1,instagram,2022-05-02 05:22:08,326
460,USD,"[10, 39, 17, 16]",4,direct,2022-05-02 05:29:45,624
461,USD,"[7, 13, 38]",4,ppc,2022-05-02 05:50:42,246
462,USD,"[29, 18, 21]",4,instagram,2022-05-02 06:03:11,792
463,USD,"[6, 7, 40]",4,ppc,2022-05-02 07:22:29,594
464,USD,"[19, 39]",6,facebook,2022-05-02 07:27:22,495
465,USD,"[28, 17]",4,ppc,2022-05-02 09:03:09,366
466,USD,"[38, 26, 29]",5,facebook,2022-05-02 11:13:30,351
467,USD,[37],2,ppc,2022-05-02 11:25:22,471
468,USD,[33],3,ppc,2022-05-02 11:35:30,67
469,USD,[3],4,instagram,2022-05-02 11:55:08,36
470,USD,[18],5,facebook,2022-05-02 12:09:52,13
471,USD,"[18, 34, 9]",4,instagram,2022-05-02 12:13:55,781
472,USD,[32],4,facebook,2022-05-02 12:31:04,409
473,USD,"[35, 13, 37]",6,facebook,2022-05-02 14:37:03,314
474,USD,"[30, 33, 29, 10]",3,instagram,2022-05-02 14:43:33,534
475,USD,"[17, 16, 27, 10]",4,facebook,2022-05-02 15:05:51,605
476,USD,"[26, 34, 21, 28]",3,ppc,2022-05-02 17:41:55,648
477,USD,[37],5,direct,2022-05-02 18:16:31,197
478,USD,"[18, 13, 35, 2]",6,facebook,2022-05-02 18:23:24,163
479,USD,"[17, 14, 29]",3,facebook,2022-05-02 18:32:45,435
480,USD,[9],6,instagram,2022-05-02 18:57:03,396
481,USD,[9],4,direct,2022-05-02 19:37:32,581
482,USD,"[27, 26, 36]",5,organic,2022-05-02 19:45:05,61
483,USD,[26],4,twitter,2022-05-02 21:13:11,675
484,USD,[38],4,instagram,2022-05-02 21:31:23,637
485,USD,"[19, 33]",5,ppc,2022-05-02 21:39:10,359
486,USD,"[29, 17]",4,twitter,2022-05-02 22:42:03,307
487,USD,[18],3,organic,2022-05-03 00:45:04,563
488,USD,[17],4,instagram,2022-05-03 01:32:23,336
489,USD,"[33, 2, 38, 10]",4,instagram,2022-05-03 01:35:29,333
490,USD,"[11, 13, 6, 7]",4,instagram,2022-05-03 02:17:19,154
491,USD,[13],5,instagram,2022-05-03 02:28:58,467
492,USD,"[25, 30]",5,instagram,2022-05-03 02:56:34,395
493,USD,"[38, 32]",5,facebook,2022-05-03 03:19:57,708
494,USD,"[14, 7, 12, 15]",5,instagram,2022-05-03 04:43:32,278
495,USD,"[35, 30, 12, 25, 25]",5,facebook,2022-05-03 05:40:52,684
496,USD,[40],3,facebook,2022-05-03 05:44:22,19
497,USD,[23],2,direct,2022-05-03 07:43:23,117
498,USD,"[40, 12]",1,ppc,2022-05-03 07:47:26,453
499,USD,"[32, 21, 36, 35, 32]",4,organic,2022-05-03 08:01:29,637
500,USD,"[14, 18, 35]",6,ppc,2022-05-03 08:03:24,794
501,USD,[24],3,facebook,2022-05-03 09:05:49,240
502,USD,[32],6,instagram,2022-05-03 09:11:48,201
503,USD,[40],3,instagram,2022-05-03 09:20:16,494
504,USD,"[2, 29]",2,organic,2022-05-03 09:30:34,44
505,USD,[4],4,facebook,2022-05-03 10:24:53,400
506,USD,"[28, 30, 30, 9, 35]",3,ppc,2022-05-03 11:00:13,436
507,USD,"[7, 12]",4,organic,2022-05-03 11:04:31,569
508,USD,"[6, 34]",3,instagram,2022-05-03 11:41:08,716
509,USD,[17],4,ppc,2022-05-03 12:38:30,366
510,USD,[12],3,instagram,2022-05-03 12:59:22,269
511,USD,"[35, 40, 27]",3,instagram,2022-05-03 13:01:43,219
512,USD,"[35, 6]",4,direct,2022-05-03 13:10:36,193
513,USD,"[20, 27, 28, 17]",5,instagram,2022-05-03 14:06:43,755
514,USD,"[19, 29, 38]",3,facebook,2022-05-03 14:23:29,819
515,USD,"[12, 33, 33]",4,direct,2022-05-03 15:39:30,25
516,USD,"[6, 23, 29]",4,facebook,2022-05-03 16:45:18,44
517,USD,"[7, 26, 20]",4,instagram,2022-05-03 17:08:46,671
518,USD,"[6, 12, 12, 2]",5,facebook,2022-05-03 17:10:12,720
519,USD,[15],4,ppc,2022-05-03 17:26:30,222
520,USD,"[6, 2, 2, 36]",3,organic,2022-05-03 18:39:40,196
521,USD,"[32, 33, 18, 27]",1,ppc,2022-05-03 19:43:56,16
522,USD,[27],3,facebook,2022-05-03 20:37:43,553
523,USD,[12],4,facebook,2022-05-03 21:46:13,792
524,USD,"[13, 26, 21, 1, 20]",4,ppc,2022-05-03 22:10:53,556
525,USD,[11],5,instagram,2022-05-03 22:17:05,747
526,USD,"[10, 26]",1,organic,2022-05-03 22:53:08,621
527,USD,"[34, 13, 19]",6,instagram,2022-05-03 23:18:59,102
528,USD,"[2, 34]",4,instagram,2022-05-04 00:06:01,56
529,USD,"[37, 19, 35, 34]",1,organic,2022-05-04 00:18:48,53
530,USD,"[36, 29, 20]",4,instagram,2022-05-04 00:41:57,293
531,USD,[9],3,instagram,2022-05-04 01:16:02,800
532,USD,"[35, 36, 17]",5,direct,2022-05-04 01:29:48,368
533,USD,"[2, 19, 2, 28]",4,instagram,2022-05-04 01:36:10,287
534,USD,"[30, 4, 24, 12]",5,ppc,2022-05-04 02:54:37,515
535,USD,[30],4,instagram,2022-05-04 04:00:15,512
536,USD,[15],3,instagram,2022-05-04 04:33:15,318
537,USD,"[25, 20, 8]",3,organic,2022-05-04 04:37:25,589
538,USD,"[36, 7, 17]",5,organic,2022-05-04 04:49:21,169
539,USD,"[36, 28]",6,facebook,2022-05-04 06:09:44,560
540,USD,[34],4,organic,2022-05-04 06:14:39,613
541,USD,"[40, 36, 35]",2,instagram,2022-05-04 06:55:47,108
542,USD,"[18, 17, 27]",3,instagram,2022-05-04 09:28:00,459
543,USD,[22],2,ppc,2022-05-04 09:36:04,674
544,USD,[27],4,instagram,2022-05-04 09:58:18,563
545,USD,"[10, 20, 20]",3,facebook,2022-05-04 10:27:22,110
546,USD,"[16, 40, 26, 21]",6,facebook,2022-05-04 10:27:55,462
547,USD,"[21, 28, 38]",6,instagram,2022-05-04 11:34:08,555
548,USD,"[6, 5]",4,direct,2022-05-04 12:42:03,705
549,USD,"[10, 16]",3,instagram,2022-05-04 13:04:10,389
550,USD,"[17, 28]",4,facebook,2022-05-04 14:20:06,661
551,USD,"[27, 39, 21]",5,instagram,2022-05-04 14:48:06,523
552,USD,"[6, 33, 6]",4,direct,2022-05-04 15:46:04,156
553,USD,"[8, 17, 38, 36, 11]",4,organic,2022-05-04 16:32:37,678
554,USD,[28],3,organic,2022-05-04 17:39:12,740
555,USD,"[40, 33]",3,instagram,2022-05-04 18:44:41,329
556,USD,"[6, 12, 30, 7]",3,facebook,2022-05-04 19:53:27,248
557,USD,"[19, 20]",4,ppc,2022-05-04 20:33:03,747
558,USD,"[12, 12]",3,ppc,2022-05-04 20:41:13,17
559,USD,[6],6,ppc,2022-05-04 20:47:06,629
560,USD,[31],4,facebook,2022-05-04 20:47:15,162
561,USD,"[17, 34, 35, 30, 33]",5,ppc,2022-05-04 21:17:03,205
562,USD,"[30, 9, 9]",1,instagram,2022-05-04 21:29:55,797
563,USD,[37],4,organic,2022-05-04 21:38:01,82
564,USD,"[2, 7]",4,instagram,2022-05-04 21:43:45,42
565,USD,"[18, 6, 16, 33]",2,instagram,2022-05-04 22:28:33,220
566,USD,"[33, 17]",4,ppc,2022-05-04 22:36:29,374
567,USD,[19],3,instagram,2022-05-04 23:07:11,18
568,USD,[22],4,ppc,2022-05-04 23:20:24,643
569,USD,"[12, 21, 21, 18]",5,facebook,2022-05-05 00:19:49,645
570,USD,"[12, 13, 6]",3,facebook,2022-05-05 00:43:06,66
571,USD,[35],2,facebook,2022-05-05 00:52:49,783
572,USD,[27],6,instagram,2022-05-05 03:38:25,772
573,USD,"[39, 34, 26]",6,organic,2022-05-05 03:41:37,752
574,USD,"[33, 13]",4,twitter,2022-05-05 03:59:09,643
575,USD,"[17, 11, 17, 4]",4,instagram,2022-05-05 04:59:29,61
576,USD,"[14, 18, 20]",3,ppc,2022-05-05 05:46:20,665
577,USD,[35],3,ppc,2022-05-05 05:50:28,277
578,USD,[39],4,facebook,2022-05-05 07:13:23,205
579,USD,[36],5,twitter,2022-05-05 08:37:33,160
580,USD,[16],5,facebook,2022-05-05 08:39:10,648
581,USD,"[33, 13, 28, 27]",4,instagram,2022-05-05 09:33:44,65
582,USD,"[6, 32, 7]",5,organic,2022-05-05 10:36:39,170
583,USD,"[13, 38, 29]",6,direct,2022-05-05 12:23:39,476
584,USD,[37],5,facebook,2022-05-05 12:24:44,269
585,USD,"[6, 19]",4,direct,2022-05-05 13:10:42,688
586,USD,"[34, 16]",2,facebook,2022-05-05 13:21:02,627
587,USD,"[26, 21, 21, 37]",3,ppc,2022-05-05 13:44:27,424
588,USD,"[7, 26]",4,instagram,2022-05-05 14:25:30,88
589,USD,"[10, 6]",3,ppc,2022-05-05 14:49:13,557
590,USD,"[40, 20, 32, 35]",4,facebook,2022-05-05 14:49:53,380
591,USD,[14],2,instagram,2022-05-05 15:17:25,256
592,USD,"[2, 22, 20, 30, 28]",3,instagram,2022-05-05 16:01:27,199
593,USD,"[26, 36, 28, 5]",3,instagram,2022-05-05 16:16:30,113
594,USD,[35],4,ppc,2022-05-05 17:26:13,407
595,USD,[40],1,facebook,2022-05-05 18:25:10,260
596,USD,[28],6,instagram,2022-05-05 18:33:18,440
597,USD,"[6, 28, 6]",3,facebook,2022-05-05 19:34:50,803
598,USD,"[34, 30]",3,instagram,2022-05-05 20:13:36,781
599,USD,"[25, 36]",2,organic,2022-05-05 20:14:45,723
600,USD,"[37, 19, 31, 27]",3,instagram,2022-05-05 21:14:01,11
601,USD,"[17, 30, 37]",4,facebook,2022-05-05 21:35:38,456
602,USD,[8],4,instagram,2022-05-05 22:00:03,809
603,USD,"[17, 35, 12]",1,instagram,2022-05-05 22:01:52,700
604,USD,[23],4,organic,2022-05-05 22:46:00,791
605,USD,"[9, 37]",6,ppc,2022-05-05 22:58:43,692
606,USD,"[7, 15, 1, 25]",4,direct,2022-05-05 23:19:25,168
607,USD,[16],2,instagram,2022-05-06 00:16:46,744
608,USD,"[19, 25, 38, 26]",5,organic,2022-05-06 00:59:12,635
609,USD,[5],4,instagram,2022-05-06 01:42:06,399
610,USD,[17],4,ppc,2022-05-06 02:04:43,735
611,USD,"[12, 3]",4,ppc,2022-05-06 02:11:12,338
612,USD,"[38, 28, 34, 17]",2,ppc,2022-05-06 02:47:36,534
613,USD,"[27, 8, 1, 35]",6,ppc,2022-05-06 03:44:02,23
614,USD,"[38, 5, 18]",5,ppc,2022-05-06 03:54:28,65
615,USD,"[33, 6, 6]",4,organic,2022-05-06 06:04:11,472
616,USD,"[18, 21]",4,instagram,2022-05-06 06:16:04,55
617,USD,[36],5,ppc,2022-05-06 07:06:40,534
618,USD,[6],4,facebook,2022-05-06 07:35:30,481
619,USD,"[12, 13, 14, 33]",6,instagram,2022-05-06 08:24:33,534
620,USD,[35],3,instagram,2022-05-06 08:27:17,176
621,USD,"[33, 39, 6, 26]",1,instagram,2022-05-06 09:03:14,776
622,USD,"[19, 12, 5]",4,ppc,2022-05-06 09:28:01,420
623,USD,"[7, 33]",4,facebook,2022-05-06 09:35:14,386
624,USD,"[17, 29, 24]",5,facebook,2022-05-06 09:54:28,300
625,USD,"[28, 33, 31, 27]",4,instagram,2022-05-06 10:10:12,282
626,USD,[32],6,instagram,2022-05-06 10:28:23,358
627,USD,"[17, 13, 15, 15, 20]",4,organic,2022-05-06 13:21:13,229
628,USD,[31],6,ppc,2022-05-06 13:34:29,595
629,USD,"[2, 34]",2,organic,2022-05-06 13:40:36,813
630,USD,"[21, 23, 33, 17]",4,direct,2022-05-06 13:46:49,368
631,USD,"[18, 21]",4,instagram,2022-05-06 13:55:47,640
632,USD,"[2, 14]",4,ppc,2022-05-06 17:53:31,668
633,USD,"[5, 8, 27, 5, 13, 28]",6,instagram,2022-05-06 18:31:09,421
634,USD,"[35, 20]",4,ppc,2022-05-06 20:01:27,740
635,USD,"[28, 24]",4,twitter,2022-05-06 21:16:43,581
636,USD,"[2, 30]",2,ppc,2022-05-06 22:21:21,301
637,USD,"[10, 12, 28]",4,instagram,2022-05-06 22:45:28,161
638,USD,"[12, 19]",3,organic,2022-05-06 23:21:38,211
639,USD,"[18, 12]",3,facebook,2022-05-06 23:45:22,743
640,USD,"[27, 38]",4,ppc,2022-05-07 00:12:45,49
641,USD,"[31, 26, 34, 31]",4,ppc,2022-05-07 00:58:54,281
642,USD,"[24, 18, 12]",6,instagram,2022-05-07 01:05:27,674
643,USD,"[35, 27]",3,twitter,2022-05-07 03:36:33,532
644,USD,"[7, 15, 34]",1,instagram,2022-05-07 04:18:45,210
645,USD,"[22, 2, 13]",2,instagram,2022-05-07 04:42:57,228
646,USD,[35],3,instagram,2022-05-07 05:19:05,419
647,USD,"[17, 18]",4,ppc,2022-05-07 06:20:26,172
648,USD,[34],2,organic,2022-05-07 06:23:27,358
649,USD,[36],4,organic,2022-05-07 08:10:10,697
650,USD,"[33, 21, 13]",6,instagram,2022-05-07 10:12:49,121
651,USD,"[19, 30, 13]",6,ppc,2022-05-07 10:48:24,807
652,USD,"[26, 20, 10]",1,twitter,2022-05-07 12:15:37,580
653,USD,[26],4,facebook,2022-05-07 12:42:36,576
654,USD,[36],6,instagram,2022-05-07 13:05:50,452
655,USD,"[28, 2, 25]",4,facebook,2022-05-07 13:16:43,34
656,USD,[36],4,facebook,2022-05-07 14:57:06,133
657,USD,[32],4,instagram,2022-05-07 15:10:04,636
658,USD,"[30, 6, 35]",5,ppc,2022-05-07 15:31:34,745
659,USD,"[12, 11, 33, 29, 22, 26]",3,organic,2022-05-07 16:26:58,747
660,USD,"[34, 6, 3]",2,organic,2022-05-07 17:10:00,414
661,USD,"[26, 35, 28]",4,instagram,2022-05-07 17:24:18,461
662,USD,[8],3,ppc,2022-05-07 17:27:10,805
663,USD,"[21, 20, 19, 13, 18]",3,organic,2022-05-07 19:09:12,163
664,USD,[3],3,ppc,2022-05-07 19:38:48,439
665,USD,"[36, 21, 7]",3,organic,2022-05-07 19:42:50,273
666,USD,"[35, 34, 27]",4,instagram,2022-05-07 21:53:55,212
667,USD,"[7, 17, 7, 16]",5,ppc,2022-05-07 22:02:40,199
668,USD,"[23, 12, 9, 13]",4,ppc,2022-05-07 22:10:14,134
669,USD,[8],2,instagram,2022-05-07 23:27:12,700
670,USD,"[9, 3, 18, 27]",3,instagram,2022-05-07 23:38:11,61
671,USD,[35],3,facebook,2022-05-07 23:42:54,758
672,USD,[34],4,instagram,2022-05-08 00:05:59,640
673,USD,"[12, 13]",2,instagram,2022-05-08 00:24:17,363
674,USD,"[25, 7]",3,twitter,2022-05-08 01:20:13,631
675,USD,[16],3,organic,2022-05-08 02:20:23,79
676,USD,"[18, 29, 20, 34]",1,instagram,2022-05-08 03:12:34,182
677,USD,"[30, 20]",6,twitter,2022-05-08 03:31:24,252
678,USD,"[16, 39, 30]",2,instagram,2022-05-08 03:41:41,444
679,USD,"[17, 21, 14, 6, 3]",4,ppc,2022-05-08 03:47:33,142
680,USD,"[37, 34]",6,ppc,2022-05-08 04:07:06,41
681,USD,"[31, 34]",3,instagram,2022-05-08 04:51:32,826
682,USD,"[21, 2, 27, 28]",3,ppc,2022-05-08 04:55:44,366
683,USD,"[15, 6, 21, 21, 30]",6,facebook,2022-05-08 05:06:30,194
684,USD,"[2, 25, 34]",5,instagram,2022-05-08 05:12:10,218
685,USD,"[35, 6, 24]",4,instagram,2022-05-08 06:01:54,686
686,USD,"[34, 29, 27, 35, 17]",4,instagram,2022-05-08 07:36:15,88
687,USD,[38],5,organic,2022-05-08 07:48:29,443
688,USD,[33],3,facebook,2022-05-08 08:26:46,60
689,USD,"[38, 10, 33]",3,ppc,2022-05-08 08:27:53,215
690,USD,[5],6,instagram,2022-05-08 09:31:12,502
691,USD,"[37, 38]",3,ppc,2022-05-08 10:42:25,391
692,USD,[17],1,facebook,2022-05-08 11:24:40,685
693,USD,"[38, 12, 36, 35]",5,instagram,2022-05-08 11:39:15,800
694,USD,[12],4,instagram,2022-05-08 12:08:43,506
695,USD,[9],2,twitter,2022-05-08 12:32:57,482
696,USD,"[6, 28, 34, 13]",4,instagram,2022-05-08 12:52:07,644
697,USD,[35],4,facebook,2022-05-08 13:00:52,195
698,USD,"[29, 12, 34, 38]",5,instagram,2022-05-08 13:36:24,210
699,USD,[19],3,instagram,2022-05-08 13:57:34,746
700,USD,"[27, 29, 31]",3,ppc,2022-05-08 15:27:37,11
701,USD,"[27, 9]",3,twitter,2022-05-08 15:35:30,190
702,USD,"[18, 31, 38]",3,ppc,2022-05-08 16:06:34,339
703,USD,[37],6,twitter,2022-05-08 16:26:57,54
704,USD,"[33, 2, 32]",2,organic,2022-05-08 17:13:48,540
705,USD,"[21, 3, 13, 35, 32]",3,ppc,2022-05-08 17:21:50,423
706,USD,[14],3,ppc,2022-05-08 17:41:19,72
707,USD,[33],3,facebook,2022-05-08 17:43:22,690
708,USD,"[19, 6, 7]",3,facebook,2022-05-08 18:52:33,579
709,USD,[5],4,ppc,2022-05-08 19:30:09,386
710,USD,"[24, 29]",5,facebook,2022-05-08 20:17:57,751
711,USD,"[3, 15, 29, 23]",3,direct,2022-05-08 20:20:09,277
712,USD,"[7, 35, 8]",4,instagram,2022-05-08 20:26:59,9
713,USD,"[20, 19, 35]",5,instagram,2022-05-08 21:15:00,807
714,USD,"[35, 18, 13]",4,direct,2022-05-08 21:15:02,35
715,USD,[30],4,facebook,2022-05-08 21:49:27,103
716,USD,[26],4,facebook,2022-05-08 21:49:36,394
717,USD,"[2, 35, 7]",6,facebook,2022-05-08 23:48:36,775
718,USD,"[18, 20, 20]",6,facebook,2022-05-09 00:44:41,325
719,USD,"[2, 19]",4,direct,2022-05-09 02:58:19,336
720,USD,[40],4,ppc,2022-05-09 03:18:21,128
721,USD,"[28, 34]",1,direct,2022-05-09 03:41:50,202
722,USD,"[9, 7, 17]",3,twitter,2022-05-09 04:55:45,707
723,USD,"[21, 30]",6,facebook,2022-05-09 05:38:40,572
724,USD,"[36, 18]",4,instagram,2022-05-09 06:22:58,201
725,USD,[9],4,ppc,2022-05-09 07:31:23,322
726,USD,"[18, 35, 30, 27, 16, 12]",4,instagram,2022-05-09 07:45:18,431
727,USD,"[18, 26, 17]",4,twitter,2022-05-09 09:48:53,475
728,USD,[13],4,organic,2022-05-09 11:48:13,41
729,USD,"[35, 19, 21]",4,organic,2022-05-09 12:33:59,598
730,USD,"[29, 38]",3,instagram,2022-05-09 13:00:15,237
731,USD,"[29, 13, 17]",4,instagram,2022-05-09 13:04:20,554
732,USD,[36],4,ppc,2022-05-09 13:39:43,837
733,USD,"[16, 34]",3,facebook,2022-05-09 14:15:02,730
734,USD,[22],4,facebook,2022-05-09 14:18:38,198
735,USD,"[18, 7]",4,instagram,2022-05-09 15:14:29,485
736,USD,[7],5,instagram,2022-05-09 15:25:19,433
737,USD,"[21, 26, 17]",4,facebook,2022-05-09 16:29:46,387
738,USD,[20],4,instagram,2022-05-09 16:41:06,788
739,USD,"[13, 20, 32]",3,ppc,2022-05-09 17:13:24,204
740,USD,"[37, 28, 10]",3,ppc,2022-05-09 17:41:38,840
741,USD,"[6, 7, 22]",4,facebook,2022-05-09 18:18:40,170
742,USD,"[6, 26, 20]",5,instagram,2022-05-09 21:14:55,440
743,USD,"[35, 37, 28]",3,facebook,2022-05-09 22:33:29,843
744,USD,"[38, 26, 17, 27]",5,organic,2022-05-09 22:57:33,225
745,USD,"[13, 26, 17]",3,ppc,2022-05-09 23:36:52,811
746,USD,"[12, 30, 33, 3]",3,ppc,2022-05-10 00:06:35,281
747,USD,"[36, 15, 7]",3,ppc,2022-05-10 00:08:55,296
748,USD,"[35, 33]",3,facebook,2022-05-10 00:18:22,741
749,USD,[30],3,facebook,2022-05-10 00:23:41,303
750,USD,"[26, 38, 21]",6,facebook,2022-05-10 00:42:20,72
751,USD,[17],4,instagram,2022-05-10 02:24:14,337
752,USD,"[20, 21, 13, 13]",6,instagram,2022-05-10 02:35:01,86
753,USD,"[17, 1, 33]",4,instagram,2022-05-10 02:50:28,243
754,USD,"[17, 28, 18]",3,organic,2022-05-10 02:53:54,559
755,USD,"[12, 36]",5,instagram,2022-05-10 03:16:55,607
756,USD,"[18, 28, 20]",3,instagram,2022-05-10 04:27:39,476
757,USD,[21],4,facebook,2022-05-10 04:28:18,562
758,USD,"[30, 34, 12, 27]",4,direct,2022-05-10 04:52:56,263
759,USD,"[20, 2, 29]",3,ppc,2022-05-10 04:56:14,818
760,USD,"[37, 5, 18]",4,direct,2022-05-10 05:14:36,749
761,USD,[5],5,ppc,2022-05-10 05:59:50,449
762,USD,"[30, 23]",3,instagram,2022-05-10 06:36:34,499
763,USD,"[17, 12, 11, 27]",3,instagram,2022-05-10 07:14:16,569
764,USD,[2],6,instagram,2022-05-10 07:22:26,548
765,USD,"[36, 13, 34, 28]",4,facebook,2022-05-10 08:24:37,481
766,USD,[30],3,instagram,2022-05-10 09:31:59,627
767,USD,[36],3,ppc,2022-05-10 09:43:35,819
768,USD,"[31, 20, 26, 20]",4,organic,2022-05-10 09:49:55,211
769,USD,"[25, 20, 8, 34]",4,facebook,2022-05-10 10:51:30,78
770,USD,[34],6,facebook,2022-05-10 12:28:16,53
771,USD,"[10, 13, 10]",5,instagram,2022-05-10 14:17:01,839
772,USD,"[34, 16, 6, 38, 21]",3,instagram,2022-05-10 14:41:46,754
773,USD,"[19, 28, 36]",4,ppc,2022-05-10 14:52:58,729
774,USD,"[36, 33, 38]",1,direct,2022-05-10 15:54:31,833
775,USD,"[2, 8]",4,instagram,2022-05-10 16:13:17,502
776,USD,[6],5,facebook,2022-05-10 16:17:22,139
777,USD,[28],4,organic,2022-05-10 18:20:53,741
778,USD,[5],4,facebook,2022-05-10 20:02:27,471
779,USD,"[23, 1]",3,facebook,2022-05-10 20:12:06,249
780,USD,"[20, 17]",5,ppc,2022-05-10 20:30:06,136
781,USD,[17],3,ppc,2022-05-10 20:38:27,810
782,USD,"[13, 24, 31, 31]",5,instagram,2022-05-10 21:30:15,169
783,USD,"[6, 6]",6,ppc,2022-05-10 21:32:27,91
784,USD,"[26, 2]",3,organic,2022-05-10 21:36:08,618
785,USD,[13],2,direct,2022-05-11 00:56:37,70
786,USD,"[22, 7, 7]",3,ppc,2022-05-11 00:58:19,643
787,USD,"[20, 3, 10]",3,facebook,2022-05-11 01:06:40,546
788,USD,[7],6,ppc,2022-05-11 02:37:23,291
789,USD,[13],2,organic,2022-05-11 02:59:32,332
790,USD,"[30, 14, 14, 33]",1,facebook,2022-05-11 05:13:34,111
791,USD,"[34, 20]",3,instagram,2022-05-11 07:00:50,116
792,USD,"[21, 13]",2,instagram,2022-05-11 07:38:38,600
793,USD,[33],3,organic,2022-05-11 08:58:36,126
794,USD,"[18, 3]",3,facebook,2022-05-11 09:02:57,619
795,USD,"[34, 5]",4,instagram,2022-05-11 09:53:52,297
796,USD,"[21, 7]",4,twitter,2022-05-11 10:00:59,494
797,USD,[3],5,organic,2022-05-11 11:33:44,32
798,USD,"[28, 13, 39, 33, 8]",5,ppc,2022-05-11 12:45:29,753
799,USD,"[38, 19, 3, 17]",4,ppc,2022-05-11 15:22:05,15
800,USD,"[6, 35]",4,ppc,2022-05-11 16:42:50,669
801,USD,"[38, 39]",4,instagram,2022-05-11 17:09:20,377
802,USD,"[32, 18]",3,instagram,2022-05-11 17:21:32,259
803,USD,[2],6,facebook,2022-05-11 18:59:18,91
804,USD,[6],3,direct,2022-05-11 19:34:06,558
805,USD,[25],6,ppc,2022-05-11 19:45:15,832
806,USD,"[21, 26, 21]",4,ppc,2022-05-11 20:06:55,365
807,USD,"[23, 27, 34, 33]",1,organic,2022-05-11 22:37:30,760
808,USD,[20],1,instagram,2022-05-11 22:51:49,500
809,USD,"[34, 33, 26]",6,ppc,2022-05-11 22:54:37,2
810,USD,"[26, 19]",4,instagram,2022-05-12 00:09:28,459
811,USD,"[34, 23, 12, 3]",1,ppc,2022-05-12 00:53:43,248
812,USD,"[27, 23, 27, 23, 13]",3,ppc,2022-05-12 01:19:45,295
813,USD,"[22, 28, 8]",4,facebook,2022-05-12 01:54:44,42
814,USD,[13],4,ppc,2022-05-12 03:21:06,738
815,USD,"[38, 29]",4,instagram,2022-05-12 03:38:33,514
816,USD,"[28, 7]",4,ppc,2022-05-12 05:58:25,251
817,USD,[26],3,ppc,2022-05-12 06:46:22,93
818,USD,"[12, 32, 11]",5,ppc,2022-05-12 07:22:30,168
819,USD,"[26, 29, 13]",4,ppc,2022-05-12 08:07:11,836
820,USD,"[36, 1]",5,instagram,2022-05-12 08:29:42,834
821,USD,[14],1,direct,2022-05-12 09:11:03,848
822,USD,"[17, 1, 37]",4,ppc,2022-05-12 11:15:38,460
823,USD,[27],3,facebook,2022-05-12 13:41:43,857
824,USD,"[28, 20, 13, 14]",3,ppc,2022-05-12 14:30:49,723
825,USD,"[27, 12, 28]",3,organic,2022-05-12 14:55:36,165
826,USD,"[35, 13, 6]",5,facebook,2022-05-12 18:31:27,250
827,USD,[3],3,ppc,2022-05-12 18:51:54,296
828,USD,"[17, 2]",3,ppc,2022-05-12 19:13:18,297
829,USD,[17],5,direct,2022-05-12 21:18:11,743
830,USD,[39],4,organic,2022-05-13 00:01:36,344
831,USD,[31],5,instagram,2022-05-13 01:28:08,723
832,USD,[38],4,ppc,2022-05-13 03:24:48,483
833,USD,"[19, 33, 6, 19]",5,facebook,2022-05-13 05:16:32,687
834,USD,[15],3,facebook,2022-05-13 06:38:55,291
835,USD,"[13, 34, 6, 13]",4,ppc,2022-05-13 06:45:16,509
836,USD,[20],3,organic,2022-05-13 06:52:42,270
837,USD,"[27, 30, 24]",2,facebook,2022-05-13 07:29:32,492
838,USD,"[24, 36]",4,organic,2022-05-13 09:22:36,99
839,USD,[12],3,facebook,2022-05-13 10:44:15,354
840,USD,"[17, 19, 27, 18]",3,ppc,2022-05-13 12:49:54,601
841,USD,[10],6,ppc,2022-05-13 13:00:15,40
842,USD,"[38, 33, 36, 22]",4,instagram,2022-05-13 15:45:57,373
843,USD,"[7, 7, 34]",6,ppc,2022-05-13 16:13:45,241
844,USD,[12],4,instagram,2022-05-13 16:57:30,708
845,USD,"[23, 20, 29, 18]",3,instagram,2022-05-13 19:43:17,431
846,USD,"[13, 6, 37, 29]",5,facebook,2022-05-13 20:14:51,448
847,USD,"[28, 18]",3,ppc,2022-05-13 21:39:31,761
848,USD,"[15, 1, 1, 12]",3,instagram,2022-05-13 21:53:16,259
849,USD,[7],4,facebook,2022-05-13 22:49:44,802
850,USD,[1],3,ppc,2022-05-13 23:54:17,186
851,USD,"[33, 21]",3,facebook,2022-05-14 00:30:24,188
852,USD,"[2, 37, 11]",4,facebook,2022-05-14 01:45:48,792
853,USD,[27],3,facebook,2022-05-14 08:02:40,206
854,USD,"[38, 39, 36]",3,organic,2022-05-14 08:56:04,639
855,USD,"[29, 21]",4,instagram,2022-05-14 09:35:59,449
856,USD,"[27, 12, 31, 40]",4,ppc,2022-05-14 11:45:44,249
857,USD,"[18, 22, 1]",2,direct,2022-05-14 14:13:35,263
858,USD,[28],4,organic,2022-05-14 14:15:34,572
859,USD,"[12, 2]",1,instagram,2022-05-14 16:25:46,839
860,USD,[19],6,instagram,2022-05-14 17:31:26,213
861,USD,"[13, 15, 12]",3,direct,2022-05-14 19:53:47,672
862,USD,"[10, 38]",3,organic,2022-05-14 21:17:41,845
863,USD,[13],4,facebook,2022-05-15 03:48:45,16
864,USD,"[4, 35, 21, 21, 7]",2,facebook,2022-05-15 05:22:23,143
865,USD,"[21, 12]",3,direct,2022-05-15 06:06:40,381
866,USD,[13],2,instagram,2022-05-15 07:45:47,891
867,USD,"[35, 7, 17]",4,twitter,2022-05-15 09:40:14,515
868,USD,"[17, 6, 30]",3,instagram,2022-05-15 10:39:49,57
869,USD,"[13, 27, 20, 6, 12]",6,organic,2022-05-15 11:02:37,489
870,USD,[13],5,ppc,2022-05-15 11:41:20,288
871,USD,"[9, 25, 5]",4,facebook,2022-05-15 13:54:09,250
872,USD,[29],5,twitter,2022-05-15 17:00:58,429
873,USD,[4],5,instagram,2022-05-15 19:37:32,579
874,USD,[5],5,instagram,2022-05-15 20:22:37,447
875,USD,"[29, 19, 2]",4,instagram,2022-05-15 21:39:43,702
876,USD,"[13, 14, 13, 12]",4,organic,2022-05-15 23:47:01,196
877,USD,"[6, 12, 7]",4,twitter,2022-05-16 00:21:25,192
878,USD,[2],6,ppc,2022-05-16 01:01:50,777
879,USD,"[2, 13, 34, 26]",6,direct,2022-05-16 01:42:23,470
880,USD,[24],5,direct,2022-05-16 03:37:51,510
881,USD,"[35, 31]",4,instagram,2022-05-16 03:41:57,160
882,USD,"[38, 2, 15, 38]",3,ppc,2022-05-16 06:08:05,636
883,USD,"[24, 12, 27]",5,instagram,2022-05-16 06:58:39,26
884,USD,"[39, 7]",3,direct,2022-05-16 07:20:29,59
885,USD,"[6, 28, 22]",4,facebook,2022-05-16 08:55:43,135
886,USD,[32],1,instagram,2022-05-16 10:13:13,749
887,USD,[20],3,direct,2022-05-16 11:05:36,690
888,USD,"[10, 2]",3,ppc,2022-05-16 11:58:47,577
889,USD,"[12, 2]",3,organic,2022-05-16 15:03:34,151
890,USD,"[34, 8, 29]",4,facebook,2022-05-16 15:46:45,600
891,USD,"[13, 11]",1,twitter,2022-05-16 16:17:03,569
892,USD,[37],4,twitter,2022-05-16 17:41:13,138
893,USD,[1],4,organic,2022-05-16 19:03:23,520
894,USD,[19],6,facebook,2022-05-17 02:53:22,391
895,USD,[24],4,instagram,2022-05-17 03:23:17,323
896,USD,[25],4,facebook,2022-05-17 03:46:32,698
897,USD,[38],3,facebook,2022-05-17 06:40:15,858
898,USD,"[21, 22, 33, 37]",1,twitter,2022-05-17 07:07:32,279
899,USD,"[31, 29, 36, 36, 35]",3,facebook,2022-05-17 10:57:37,328
900,USD,[27],5,organic,2022-05-17 13:44:35,770
901,USD,[8],1,ppc,2022-05-17 13:52:26,6
902,USD,[37],4,facebook,2022-05-17 15:10:21,353
903,USD,[23],4,instagram,2022-05-17 15:42:41,254
904,USD,"[19, 12, 40, 21, 40]",5,facebook,2022-05-17 17:29:41,308
905,USD,[38],6,organic,2022-05-17 18:53:20,267
906,USD,"[2, 28, 13]",3,instagram,2022-05-17 19:50:26,489
907,USD,"[6, 3, 2]",4,ppc,2022-05-17 20:46:25,640
908,USD,"[39, 28, 34]",3,direct,2022-05-17 21:35:19,708
909,USD,"[6, 34, 19]",5,facebook,2022-05-17 23:42:48,858
910,USD,"[7, 3]",3,ppc,2022-05-18 00:57:02,414
911,USD,[16],3,instagram,2022-05-18 06:20:47,613
912,USD,"[13, 27, 21, 31, 6]",3,ppc,2022-05-18 06:37:04,227
913,USD,"[7, 34]",4,ppc,2022-05-18 07:14:05,23
914,USD,"[29, 13, 18, 7]",3,direct,2022-05-18 12:13:46,659
915,USD,[13],3,facebook,2022-05-18 13:23:01,716
916,USD,[39],5,ppc,2022-05-18 13:40:37,435
917,USD,[29],3,direct,2022-05-18 14:20:20,170
918,USD,[19],6,instagram,2022-05-18 19:24:36,91
919,USD,"[7, 9, 30]",3,instagram,2022-05-18 21:42:07,891
920,USD,"[2, 27, 19, 26]",3,organic,2022-05-18 22:19:06,165
921,USD,[33],4,direct,2022-05-19 09:44:09,494
922,USD,[15],4,facebook,2022-05-19 13:25:45,444
923,USD,[6],4,instagram,2022-05-19 13:42:13,218
924,USD,"[7, 19, 3]",4,instagram,2022-05-19 17:25:55,35
925,USD,"[29, 33, 28]",3,ppc,2022-05-19 22:57:07,605
926,USD,"[14, 18]",3,facebook,2022-05-19 23:00:45,245
927,USD,"[20, 17]",2,facebook,2022-05-20 00:11:05,881
928,USD,"[6, 18, 35]",4,instagram,2022-05-20 02:31:35,728
929,USD,"[35, 26, 29]",4,organic,2022-05-20 05:54:47,478
930,USD,[31],3,facebook,2022-05-20 06:21:21,256
931,USD,"[17, 2, 18, 1]",1,ppc,2022-05-20 08:34:37,376
932,USD,"[25, 20, 17, 28]",2,instagram,2022-05-20 09:09:47,691
933,USD,"[17, 30, 28]",3,instagram,2022-05-20 09:27:55,169
934,USD,"[12, 11, 12]",4,instagram,2022-05-20 10:21:40,922
935,USD,[31],4,organic,2022-05-20 12:11:00,667
936,USD,"[19, 25]",2,organic,2022-05-20 13:29:01,73
937,USD,"[28, 28]",3,ppc,2022-05-20 21:07:25,903
938,USD,"[2, 12]",4,ppc,2022-05-21 00:53:48,423
939,USD,"[30, 2]",4,facebook,2022-05-21 04:44:16,448
940,USD,"[24, 17, 35, 10]",3,facebook,2022-05-21 08:41:59,727
941,USD,[39],2,facebook,2022-05-21 10:30:12,383
942,USD,[37],5,ppc,2022-05-21 11:16:40,141
943,USD,"[35, 7]",4,ppc,2022-05-21 16:46:55,450
944,USD,"[30, 4, 35]",4,facebook,2022-05-21 18:05:40,633
945,USD,"[10, 38, 33]",4,ppc,2022-05-21 19:08:42,638
946,USD,"[20, 6]",4,ppc,2022-05-21 19:58:23,539
947,USD,[20],2,organic,2022-05-21 20:36:36,553
948,USD,"[6, 33]",4,facebook,2022-05-21 21:53:05,291
949,USD,[26],4,instagram,2022-05-21 23:02:30,319
950,USD,"[6, 34, 19]",4,facebook,2022-05-21 23:08:58,119
951,USD,"[10, 7]",3,instagram,2022-05-22 07:18:29,501
952,USD,"[7, 27]",4,organic,2022-05-22 11:48:56,631
953,USD,[21],3,facebook,2022-05-22 15:09:25,53
954,USD,"[17, 38, 21]",3,instagram,2022-05-22 18:07:06,307
955,USD,[14],4,ppc,2022-05-22 18:24:01,879
956,USD,[22],3,facebook,2022-05-22 18:56:17,737
957,USD,"[1, 34]",5,instagram,2022-05-23 00:35:20,433
958,USD,"[6, 2]",3,instagram,2022-05-23 02:46:43,494
959,USD,[3],2,facebook,2022-05-23 02:58:56,393
960,USD,"[34, 27]",6,organic,2022-05-23 04:49:25,718
961,USD,"[29, 26, 5]",4,instagram,2022-05-23 07:57:28,778
962,USD,[2],4,direct,2022-05-23 09:21:24,180
963,USD,"[7, 38, 33]",1,instagram,2022-05-23 14:54:04,234
964,USD,[7],5,facebook,2022-05-23 16:13:39,369
965,USD,"[11, 19, 5]",2,instagram,2022-05-23 19:17:44,664
966,USD,[23],5,ppc,2022-05-23 21:11:01,945
967,USD,"[3, 26, 29]",5,instagram,2022-05-23 23:08:03,171
968,USD,"[38, 20, 33, 13, 28]",4,instagram,2022-05-23 23:13:20,355
969,USD,"[21, 34]",2,ppc,2022-05-24 00:48:48,147
970,USD,[28],4,instagram,2022-05-24 08:40:51,306
971,USD,"[16, 11, 16]",6,instagram,2022-05-24 21:41:24,164
972,USD,"[9, 27, 7, 9]",4,instagram,2022-05-25 01:57:26,216
973,USD,"[14, 8, 14, 13]",4,organic,2022-05-25 13:47:49,209
974,USD,"[22, 12]",3,organic,2022-05-25 15:54:24,668
975,USD,[10],6,organic,2022-05-25 16:05:41,99
976,USD,"[13, 13, 28, 26]",4,facebook,2022-05-25 18:24:01,493
977,USD,"[9, 9, 33]",3,direct,2022-05-26 03:36:27,400
978,USD,"[6, 30]",4,organic,2022-05-26 17:55:48,532
979,USD,"[17, 29]",4,facebook,2022-05-26 22:37:45,784
980,USD,"[35, 16, 28, 7, 34, 7]",4,facebook,2022-05-27 02:15:11,199
981,USD,"[34, 33]",5,instagram,2022-05-27 10:56:35,718
982,USD,"[8, 19, 34, 24, 18]",3,organic,2022-05-27 11:22:59,125
983,USD,[39],4,ppc,2022-05-27 18:42:29,790
984,USD,"[38, 30, 18, 7, 26, 25]",4,instagram,2022-05-27 19:04:50,270
985,USD,[39],3,twitter,2022-05-27 19:34:56,603
986,USD,"[17, 28, 21, 21]",2,organic,2022-05-28 07:07:04,600
987,USD,"[26, 7, 23, 38]",1,ppc,2022-05-28 20:22:36,502
988,USD,"[12, 30]",5,instagram,2022-05-28 21:24:08,706
989,USD,"[1, 28, 29, 21, 17]",5,instagram,2022-05-28 22:36:24,219
990,USD,[18],4,ppc,2022-05-29 13:20:16,341
991,USD,"[38, 21, 35]",2,direct,2022-05-29 17:00:09,810
992,USD,[37],3,instagram,2022-05-29 18:00:15,668
993,USD,"[18, 17]",3,instagram,2022-05-29 23:27:42,796
994,USD,[17],4,organic,2022-05-30 00:20:00,930
995,USD,"[18, 19]",3,facebook,2022-05-30 04:53:06,261
996,USD,"[25, 3, 33, 20]",6,facebook,2022-05-30 09:52:13,100
997,USD,"[27, 20, 19]",3,instagram,2022-05-30 17:17:13,333
998,USD,"[30, 20, 24, 26]",3,facebook,2022-05-31 08:00:34,979
999,USD,"[2, 33, 17]",4,facebook,2022-05-31 14:30:22,583
1000,USD,"[13, 6, 26]",4,organic,2022-05-31 19:37:13,217
